ID de execução;Data leitura;EPC;Origem;Destino;Situação Atual;Tipo de Movimento;Status aprovação
412198910;05/10/2022 16:22;3035E847FC354C0000000001;TRACK FIELD - matriz;TRACK FIELD - CRISTIANO VIANA;05 - Em trânsito para matriz;DEVOLUÇÃO MATRIZ;Aprovação pendente
412198911;05/10/2022 16:22;303430D3FC57E44000001F29;MEIA DE SEDA;MEIA DE SEDA - OUTLET;05 - Em trânsito para matriz;DEVOLUÇÃO MATRIZ;Aprovação pendente
412198913;05/10/2022 16:22;3035E847FC3A2F8000000001;BR PROPERTIES - BRPR - MATRIZ;BR PROPERTIES - BRPR - JK - SP;05 - Em trânsito para matriz;DEVOLUÇÃO MATRIZ;Aprovação pendente
412198914;05/10/2022 16:22;3035E847FC1D584000000001;INBRANDS - MATRIZ;RICHARDS RC112 - SHOPPING JK;05 - Em trânsito para matriz;DEVOLUÇÃO MATRIZ;Aprovação pendente
412198916;05/10/2022 16:22;3035E847FC1C364000000001;INBRANDS - MATRIZ;TH - JK IGUATEMI;05 - Em trânsito para matriz;DEVOLUÇÃO MATRIZ;Aprovação pendente
412198919;05/10/2022 16:22;3035E847FC1CB04000000001;INBRANDS - MATRIZ;ELLUS - JK;05 - Em trânsito para matriz;DEVOLUÇÃO MATRIZ;Aprovação pendente
412198922;05/10/2022 16:22;3035E847FC37230000000001;PONTAL VERMELHO - matriz;pontal vermelho - lj 36 pinheiros;05 - Em trânsito para matriz;DEVOLUÇÃO MATRIZ;Aprovação pendente
412198924;05/10/2022 16:22;3035E847FC38394000000001;SANUTRIN MATRIZ;SANUTRIN - LUMIAR;05 - Em trânsito para matriz;DEVOLUÇÃO MATRIZ;Aprovação pendente
412198926;05/10/2022 16:22;3035E847FC37BEC000000001;PONTAL VERMELHO - matriz;PONTAL vermelho - lj 01 PINHEIROS;05 - Em trânsito para matriz;DEVOLUÇÃO MATRIZ;Aprovação pendente
412198928;05/10/2022 16:22;3035E847FC35404000000001;TRACK FIELD - matriz;TRACK FIELD - SHOP. IGUATEMI faria lima;05 - Em trânsito para matriz;DEVOLUÇÃO MATRIZ;Aprovação pendente
412198933;05/10/2022 16:22;3035E847FC3C304000000001;LELLO - MATRIZ SP;LELLO - PINHEIROS;05 - Em trânsito para matriz;DEVOLUÇÃO MATRIZ;Aprovação pendente
412198936;05/10/2022 16:22;3035E847FC3B16C000000001;MAMAE PRESENTES - CASA LOJISTA - MATRIZ;MAMAE PRESENTES - PINHEIROS;05 - Em trânsito para matriz;DEVOLUÇÃO MATRIZ;Aprovação pendente
412198937;05/10/2022 16:22;3035E847FC2063C000000001;LLINEA - MATRIZ;LNA	ESKALA;05 - Em trânsito para matriz;DEVOLUÇÃO MATRIZ;Aprovação pendente
412198938;05/10/2022 16:22;303430D3FC57E44000001BF9;;;05 - Em trânsito para matriz;DEVOLUÇÃO MATRIZ;Aprovação pendente
412198939;05/10/2022 16:22;3035E847FC3380C000000001;LEO MADEIRAS - MATRIZ;leo madeiras - Paes Leme;05 - Em trânsito para matriz;DEVOLUÇÃO MATRIZ;Aprovação pendente
412198941;05/10/2022 16:22;3035E847FC30588000000001;SMART FIT - ADM ELUMA - ESCRITORIO REGIONAL SP;SMART FIT  -  ADM SP SPCVOL2 - Gomes de Carvalho;05 - Em trânsito para matriz;DEVOLUÇÃO MATRIZ;Aprovação pendente
412198942;05/10/2022 16:22;3035E847FC1C524000000001;INBRANDS - MATRIZ;VR VILA OLIMPIA;05 - Em trânsito para matriz;DEVOLUÇÃO MATRIZ;Aprovação pendente
412198943;05/10/2022 16:22;3035E847FC1D460000000001;INBRANDS - MATRIZ;RICHARDS RC125 - Vila Olímpia;05 - Em trânsito para matriz;DEVOLUÇÃO MATRIZ;Aprovação pendente
412198944;05/10/2022 16:22;3035E847FC36960000000001;GRUPO SOMA - MATRIZ botafogo;grupo soma - CRIS BARROS IGUATEMI SP;05 - Em trânsito para matriz;DEVOLUÇÃO MATRIZ;Aprovação pendente
412198945;05/10/2022 16:22;3035E847FC1CA2C000000001;INBRANDS - MATRIZ;SALINAS - S10 Iguatemi;05 - Em trânsito para matriz;DEVOLUÇÃO MATRIZ;Aprovação pendente
412198946;05/10/2022 16:22;3035E847FC1C88C000000001;INBRANDS - MATRIZ;VR IGUATEMI SP;05 - Em trânsito para matriz;DEVOLUÇÃO MATRIZ;Aprovação pendente
412198947;05/10/2022 16:22;3035E847FC1C9E4000000001;INBRANDS - MATRIZ;SALINAS - S19 JK;05 - Em trânsito para matriz;DEVOLUÇÃO MATRIZ;Aprovação pendente
412198949;05/10/2022 16:22;3035E847FC1C830000000001;INBRANDS - MATRIZ;VR JK IGUATEMI;05 - Em trânsito para matriz;DEVOLUÇÃO MATRIZ;Aprovação pendente
412198951;05/10/2022 16:22;3035E847FC3554C000000001;TRACK FIELD - matriz;TRACK FIELD - JK;05 - Em trânsito para matriz;DEVOLUÇÃO MATRIZ;Aprovação pendente
412198952;05/10/2022 16:22;3035E847FC36A60000000001;JOGe - Matriz;JOGE - LJ 01 SHOP. IGUATEMI SP - PISO FARIA LIMA;05 - Em trânsito para matriz;DEVOLUÇÃO MATRIZ;Aprovação pendente
412198954;05/10/2022 16:22;3035E847FC36A5C000000001;JOGe - Matriz;JOGE - LJ 01 SHOP. IGUATEMI SP - PISO FARIA LIMA;05 - Em trânsito para matriz;DEVOLUÇÃO MATRIZ;Aprovação pendente
412198956;05/10/2022 16:22;3035E847FC36A70000000001;JOGe - Matriz;JOGE - LJ 02 SHOP IGUATEMI SP - PISO TERREO;05 - Em trânsito para matriz;DEVOLUÇÃO MATRIZ;Aprovação pendente
412198958;05/10/2022 16:22;3035E847FC36ADC000000001;JOGe - Matriz;JOGE - LJ 05 SHOPPING ELDORADO;05 - Em trânsito para matriz;DEVOLUÇÃO MATRIZ;Aprovação pendente
412198960;05/10/2022 16:22;3035E847FC1C114000000001;INBRANDS - MATRIZ;INBRANDS SP MKT- CDs;05 - Em trânsito para matriz;DEVOLUÇÃO MATRIZ;Aprovação pendente
412198962;05/10/2022 16:22;3035E847FC1C1BC000000001;INBRANDS - MATRIZ;TH - OUTLET SP MKT;05 - Em trânsito para matriz;DEVOLUÇÃO MATRIZ;Aprovação pendente
412198963;05/10/2022 16:22;3035E847FC3B320000000001;AMERICAN SHOES - MATRIZ SP;AMERICAN SHOES - LJ09 - SHOP SP MARKET;05 - Em trânsito para matriz;DEVOLUÇÃO MATRIZ;Aprovação pendente
412198965;05/10/2022 16:22;3035E847FC36D3C000000001;PONTAL VERMELHO - matriz;PONTAL VERMELHO - LJ 17 Shopping SP Market;05 - Em trânsito para matriz;DEVOLUÇÃO MATRIZ;Aprovação pendente
412198966;05/10/2022 16:22;3035E847FC3DA28000000001;CINEMARK - MATRIZ;CINEMARK - 682 - CIDADE JARDIM;05 - Em trânsito para matriz;DEVOLUÇÃO MATRIZ;Aprovação pendente
412198968;05/10/2022 16:22;303430D3FC57E44000001C19;SEPHORA - MATRIZ;SEPHORA -  FILIAL CIDADE JARDIM - 2312;05 - Em trânsito para matriz;DEVOLUÇÃO MATRIZ;Aprovação pendente
412198970;05/10/2022 16:22;3035E847FC39480000000001;GRUPO SOMA - MATRIZ botafogo;GRUPO SOMA - CRIS BARROS CIDADE JARDIM;05 - Em trânsito para matriz;DEVOLUÇÃO MATRIZ;Aprovação pendente
412198973;05/10/2022 16:22;3035E847FC1D010000000001;INBRANDS - MATRIZ;RICHARDS RC57 - Cidade Jardim;05 - Em trânsito para matriz;DEVOLUÇÃO MATRIZ;Aprovação pendente
412198976;05/10/2022 16:22;3035E847FC3732C000000001;PONTAL VERMELHO - matriz;pontal vermelho - lj 39 Shopping Mais Largo XIII;05 - Em trânsito para matriz;DEVOLUÇÃO MATRIZ;Aprovação pendente
412198977;05/10/2022 16:22;3035E847FC30930000000001;SMART FIT - ADM ELUMA - ESCRITORIO REGIONAL SP;SMART FIT  -  ADM SP  SPCSTO3 - Mais Shopping;05 - Em trânsito para matriz;DEVOLUÇÃO MATRIZ;Aprovação pendente
412198979;05/10/2022 16:22;3035E847FC3B530000000001;AMERICAN SHOES - MATRIZ SP;AMERICAN SHOES - LJ53 - SHOP LARGO 13;05 - Em trânsito para matriz;DEVOLUÇÃO MATRIZ;Aprovação pendente
412198981;05/10/2022 16:22;3035E847FC1AD80000000001;EUROBIKE - MATRIZ;EUROBIKE - McLaren;05 - Em trânsito para matriz;DEVOLUÇÃO MATRIZ;Aprovação pendente
412198983;05/10/2022 16:22;3035E847FC309C0000000001;SMART FIT - ADM ELUMA - ESCRITORIO REGIONAL SP;SMART FIT  -  ADM SP SPCITA3 - Clodomiro Amazonas II;05 - Em trânsito para matriz;DEVOLUÇÃO MATRIZ;Aprovação pendente
412198984;05/10/2022 16:22;3035E847FC1B088000000001;EUROBIKE - MATRIZ;EUROBIKE - AUDI SÃO PAULO;05 - Em trânsito para matriz;DEVOLUÇÃO MATRIZ;Aprovação pendente
412198985;05/10/2022 16:22;3035E847FC36430000000001;grupo soma - matriz sao cristovao;grupo soma - FARM JOaO CACHOEIRA;05 - Em trânsito para matriz;DEVOLUÇÃO MATRIZ;Aprovação pendente
412198987;05/10/2022 16:22;3035E847FC39C7C000000001;CAR SYSTEM - MATRIZ;CAR SYSTEM - REGIONAL FL - UNIVERSO;05 - Em trânsito para matriz;DEVOLUÇÃO MATRIZ;Aprovação pendente
412198988;05/10/2022 16:22;3035E847FC39C68000000001;CAR SYSTEM - MATRIZ;CAR SYSTEM - REGIONAL PA - IMMUTARE;05 - Em trânsito para matriz;DEVOLUÇÃO MATRIZ;Aprovação pendente
412198990;05/10/2022 16:22;3035E847FC3B180000000001;MAMAE PRESENTES - CASA LOJISTA - MATRIZ;MAMAE PRESENTES - SANTO AMARO;05 - Em trânsito para matriz;DEVOLUÇÃO MATRIZ;Aprovação pendente
412205340;05/10/2022 16:22;3035E847FC30904000000001;SMART FIT - ADM ELUMA - ESCRITORIO REGIONAL SP;SMART FIT  -  ADM SP SPCSTO4 - Washington Luís;05 - Em trânsito para matriz;DEVOLUÇÃO MATRIZ;Aprovação pendente
412205344;05/10/2022 16:22;3035E847FC3843C000000001;SANUTRIN MATRIZ;SANUTRIN - LOURENÇO CASTANHO-ALTO DA BOA VISTA;05 - Em trânsito para matriz;DEVOLUÇÃO MATRIZ;Aprovação pendente
412205347;05/10/2022 16:22;3035E847FC38438000000001;SANUTRIN MATRIZ;SANUTRIN - LOURENÇO CASTANHO-ALTO DA BOA VISTA;05 - Em trânsito para matriz;DEVOLUÇÃO MATRIZ;Aprovação pendente
412205350;05/10/2022 16:22;3035E847FC30A14000000001;SMART FIT - ADM ELUMA - ESCRITORIO REGIONAL SP;SMARTFIT - ADM SP SPCSTO5 - ANTONIO BENTO;05 - Em trânsito para matriz;DEVOLUÇÃO MATRIZ;Aprovação pendente
412205352;05/10/2022 16:22;3035E847FC35E90000000001;GRUPO SOMA - MATRIZ botafogo;grupo soma - ANIMALE SHOPPING MARKET PLACE;05 - Em trânsito para matriz;DEVOLUÇÃO MATRIZ;Aprovação pendente
412205354;05/10/2022 16:22;3035E847FC3097C000000001;SMART FIT - ADM ELUMA - ESCRITORIO REGIONAL SP;SMART FIT  -  ADM SP SPCSTO1 - Borba Gato;05 - Em trânsito para matriz;DEVOLUÇÃO MATRIZ;Aprovação pendente
412205355;05/10/2022 16:22;3035E847FC205F4000000001;LLINEA - MATRIZ;LNA	CALDEX;05 - Em trânsito para matriz;DEVOLUÇÃO MATRIZ;Aprovação pendente
412205356;05/10/2022 16:22;3035E847FC205D4000000001;LLINEA - MATRIZ;LNA	BELA TINTAS;05 - Em trânsito para matriz;DEVOLUÇÃO MATRIZ;Aprovação pendente
412205357;05/10/2022 16:22;3035E847FC208EC000000001;LLINEA - MATRIZ;LNA	JOLITEX;05 - Em trânsito para matriz;DEVOLUÇÃO MATRIZ;Aprovação pendente
412205358;05/10/2022 16:22;3035E847FC30018000000001;SMART FIT - ADM ELUMA - ESCRITORIO REGIONAL SP;SMARTFIT - ADM SP SPISBC6 - CASTELO BRANCO;05 - Em trânsito para matriz;DEVOLUÇÃO MATRIZ;Aprovação pendente
412205360;05/10/2022 16:22;3035E847FC2046C000000001;LLINEA - MATRIZ;LNA	ALUMBRA;05 - Em trânsito para matriz;DEVOLUÇÃO MATRIZ;Aprovação pendente
412205361;05/10/2022 16:22;3035E847FC2060C000000001;LLINEA - MATRIZ;LNA	COMPONENT;05 - Em trânsito para matriz;DEVOLUÇÃO MATRIZ;Aprovação pendente
412205364;05/10/2022 16:22;3035E847FC2FF08000000001;SMART FIT - ADM ELUMA - ESCRITORIO REGIONAL SP;SMART FIT  -  ADM SP SPIDIA1 - Diadema;05 - Em trânsito para matriz;DEVOLUÇÃO MATRIZ;Aprovação pendente
412205365;05/10/2022 16:22;3035E847FC33894000000001;LEO MADEIRAS - MATRIZ;LEO MADEIRAS - Diadema;05 - Em trânsito para matriz;DEVOLUÇÃO MATRIZ;Aprovação pendente
412205368;05/10/2022 16:22;3035E847FC38520000000001;CAR SYSTEM - MATRIZ;CAR SYSTEM - CETEC - DIADEMA;05 - Em trânsito para matriz;DEVOLUÇÃO MATRIZ;Aprovação pendente
412205371;05/10/2022 16:22;3035E847FC20A04000000001;LLINEA - MATRIZ;LNA	RASSINI;05 - Em trânsito para matriz;DEVOLUÇÃO MATRIZ;Aprovação pendente
412205374;05/10/2022 16:22;3035E847FC1EA9C000000001;LLINEA - MATRIZ;LNA LAURENTI;05 - Em trânsito para matriz;DEVOLUÇÃO MATRIZ;Aprovação pendente
412205378;05/10/2022 16:22;3035E847FC2D4D4000000001;SMART FIT - ADM ELUMA - ESCRITORIO REGIONAL SP;SMART FIT  -  ADM SP SPISBC3 - Rudge Ramos;05 - Em trânsito para matriz;DEVOLUÇÃO MATRIZ;Aprovação pendente
412205380;05/10/2022 16:22;3035E847FC2D4D0000000001;SMART FIT - ADM ELUMA - ESCRITORIO REGIONAL SP;SMART FIT  -  ADM SP SPISBC3 - Rudge Ramos;05 - Em trânsito para matriz;DEVOLUÇÃO MATRIZ;Aprovação pendente
412205382;05/10/2022 16:22;3035E847FC22B20000000001;ASSAI - MATRIZ;ASSAI - 	LJ156 - DIADEMA PIRAPORINHA - SP;05 - Em trânsito para matriz;DEVOLUÇÃO MATRIZ;Aprovação pendente
412205383;05/10/2022 16:22;3035E847FC3B504000000001;AMERICAN SHOES - MATRIZ SP;AMERICAN SHOES - LJ45 - SHOP PRACA da moça;05 - Em trânsito para matriz;DEVOLUÇÃO MATRIZ;Aprovação pendente
412218063;05/10/2022 16:22;3035E847FC23200000000001;ASSAI - MATRIZ;ASSAI - 	LJ203 - Anchieta/SP;05 - Em trânsito para matriz;DEVOLUÇÃO MATRIZ;Aprovação pendente
412218066;05/10/2022 16:22;3035E847FC29404000000001;NIKE MATRIZ - ESCRITÓRIO LAPA;NIKE - EXTRA  ANCHIETA;05 - Em trânsito para matriz;DEVOLUÇÃO MATRIZ;Aprovação pendente
412218071;05/10/2022 16:22;3035E847FC2940C000000001;NIKE MATRIZ - ESCRITÓRIO LAPA;NIKE - EXTRA  ANCHIETA;05 - Em trânsito para matriz;DEVOLUÇÃO MATRIZ;Aprovação pendente
412218073;05/10/2022 16:22;3035E847FC3B13C000000001;MAMAE PRESENTES - CASA LOJISTA - MATRIZ;MAMAE PRESENTES - SAO BERNARDO DO CAMPO;05 - Em trânsito para matriz;DEVOLUÇÃO MATRIZ;Aprovação pendente
412218075;05/10/2022 16:22;3035E847FC2FFE8000000001;SMART FIT - ADM ELUMA - ESCRITORIO REGIONAL SP;SMART FIT  -  ADM SP SPISBC5 - Extra Anchieta;05 - Em trânsito para matriz;DEVOLUÇÃO MATRIZ;Aprovação pendente
412218077;05/10/2022 16:22;3035E847FC2FFF0000000001;SMART FIT - ADM ELUMA - ESCRITORIO REGIONAL SP;SMART FIT  -  ADM SP SPISBC4 - Shopping Metrópole;05 - Em trânsito para matriz;DEVOLUÇÃO MATRIZ;Aprovação pendente
412218079;05/10/2022 16:22;3035E847FC23D5C000000001;ASSAI - MATRIZ;assai - lj205 - Santo André - Telhanorte;05 - Em trânsito para matriz;DEVOLUÇÃO MATRIZ;Aprovação pendente
412218081;05/10/2022 16:22;3035E847FC30090000000001;SMART FIT - ADM ELUMA - ESCRITORIO REGIONAL SP;SMART FIT  -  ADM SP SPISBC2 - Plaza Shopping;05 - Em trânsito para matriz;DEVOLUÇÃO MATRIZ;Aprovação pendente
412218082;05/10/2022 16:22;3035E847FC352D4000000001;DAVÓ MATRIZ - LJ 03 - HIPER GUAIANAZES;DAvó - lj 12 - Hiper Sao Bernardo do Campo;05 - Em trânsito para matriz;DEVOLUÇÃO MATRIZ;Aprovação pendente
412218084;05/10/2022 16:22;3035E847FC2FFC4000000001;SMART FIT - ADM ELUMA - ESCRITORIO REGIONAL SP;SMART FIT  -  ADM SP SPISBC9 - Rua João Pessoa;05 - Em trânsito para matriz;DEVOLUÇÃO MATRIZ;Aprovação pendente
412218085;05/10/2022 16:22;3035E847FC2FF78000000001;SMART FIT - ADM ELUMA - ESCRITORIO REGIONAL SP;SMARTFIT - ADM SP SPISBC7 - PRESTES MAIA;05 - Em trânsito para matriz;DEVOLUÇÃO MATRIZ;Aprovação pendente
412218087;05/10/2022 16:22;3035E847FC30384000000001;SMART FIT - ADM ELUMA - ESCRITORIO REGIONAL SP;SMART FIT  -  ADM SP SPITAB3- Jardim Clementino;05 - Em trânsito para matriz;DEVOLUÇÃO MATRIZ;Aprovação pendente
412218089;05/10/2022 16:22;3035E847FC36430000000001;grupo soma - matriz sao cristovao;grupo soma - FARM JOaO CACHOEIRA;05 - Em trânsito para matriz;DEVOLUÇÃO MATRIZ;Aprovação pendente
412264574;05/10/2022 17:50;3035E847FC350A0000000001;unifisa - matriz;unifisa - Butanta;05 - Em trânsito para matriz;DEVOLUÇÃO MATRIZ;Aprovação pendente
412264575;05/10/2022 17:50;3035E847FC35400000000001;UNIDAS - MATRIZ SP;UNIDAS - TAB1 - SANTO AMARO;05 - Em trânsito para matriz;DEVOLUÇÃO MATRIZ;Aprovação pendente
412264577;05/10/2022 17:50;3035E847FC207B4000000001;LLINEA - MATRIZ;LNA	BÚFALO;05 - Em trânsito para matriz;DEVOLUÇÃO MATRIZ;Aprovação pendente
412264579;05/10/2022 17:50;3035E847FC3B570000000001;AMERICAN SHOES - MATRIZ SP;AMERICAN SHOES - LJ77 - SHOP ITAPECERICA;05 - Em trânsito para matriz;DEVOLUÇÃO MATRIZ;Aprovação pendente
412264580;05/10/2022 17:50;3035E847FC209F8000000001;LLINEA - MATRIZ;LNA	RAÇA TRANSPORTES;05 - Em trânsito para matriz;DEVOLUÇÃO MATRIZ;Aprovação pendente
412264581;05/10/2022 17:50;3035E847FC1D8B0000000001;INBRANDS - MATRIZ;INBRANDS CD EMBU - CDs;05 - Em trânsito para matriz;DEVOLUÇÃO MATRIZ;Aprovação pendente
412264582;05/10/2022 17:50;3035E847FC1A4BC000000001;UNIDAS - MATRIZ SP;UNIDAS - ACELERO - BUTANTÃ;05 - Em trânsito para matriz;DEVOLUÇÃO MATRIZ;Aprovação pendente
412264584;05/10/2022 17:50;3035E847FC37C38000000001;PONTAL VERMELHO - matriz;pontal vermelho - lj 02 Shopping Butanta;05 - Em trânsito para matriz;DEVOLUÇÃO MATRIZ;Aprovação pendente
412264585;05/10/2022 17:50;3035E847FC2224C000000001;ASSAI - MATRIZ;ASSAI - 	LJ93 - PIRAJUSSARA - SP;05 - Em trânsito para matriz;DEVOLUÇÃO MATRIZ;Aprovação pendente
412264587;05/10/2022 17:50;3035E847FC224AC000000001;ASSAI - MATRIZ;ASSAI - 	LJ112 - TABOÃO DA SERRA - SP;05 - Em trânsito para matriz;DEVOLUÇÃO MATRIZ;Aprovação pendente
412264589;05/10/2022 17:50;3035E847FC303AC000000001;SMART FIT - ADM ELUMA - ESCRITORIO REGIONAL SP;SMART FIT  -  ADM SP SPITAB4 - Taboão Outlet;05 - Em trânsito para matriz;DEVOLUÇÃO MATRIZ;Aprovação pendente
412264591;05/10/2022 17:50;3035E847FC3530C000000001;DAVÓ MATRIZ - LJ 03 - HIPER GUAIANAZES;DAvó - lj 13 - Hiper Taboao da Serra;05 - Em trânsito para matriz;DEVOLUÇÃO MATRIZ;Aprovação pendente
412264593;05/10/2022 17:50;3035E847FC31864000000001;SMART FIT - ADM ELUMA - ESCRITORIO REGIONAL SP;SMART FIT  -  ADM SP SPCRPS1 - Raposo Tavares;05 - Em trânsito para matriz;DEVOLUÇÃO MATRIZ;Aprovação pendente
412264594;05/10/2022 17:50;3035E847FC3033C000000001;SMART FIT - ADM ELUMA - ESCRITORIO REGIONAL SP;SMART FIT  -  ADM SP SPITAB2 - Largo do Taboão;05 - Em trânsito para matriz;DEVOLUÇÃO MATRIZ;Aprovação pendente
412264595;05/10/2022 17:50;3035E847FC36FBC000000001;PONTAL VERMELHO - matriz;pontal vermelho - lj 27 Shopping Taboao;05 - Em trânsito para matriz;DEVOLUÇÃO MATRIZ;Aprovação pendente
412264598;05/10/2022 17:50;3035E847FC3B5E8000000001;AMERICAN SHOES - MATRIZ SP;AMERICAN SHOES - LJ93 - SHOP GRANJA VIANA;05 - Em trânsito para matriz;DEVOLUÇÃO MATRIZ;Aprovação pendente
412264600;05/10/2022 17:50;3035E847FC3B398000000001;AMERICAN SHOES - MATRIZ SP;AMERICAN SHOES - LJ19 - CAMPO LIMPO - SP;05 - Em trânsito para matriz;DEVOLUÇÃO MATRIZ;Aprovação pendente
412264601;05/10/2022 17:50;3035E847FC18560000000001;UNIDAS - MATRIZ SP;UNIDAS - SCP1 - SAO PAULO;05 - Em trânsito para matriz;DEVOLUÇÃO MATRIZ;Aprovação pendente
412264602;05/10/2022 17:50;3035E847FC21EE0000000001;ASSAI - MATRIZ;ASSAI - 	LJ74 - GIOVANNI PIRELLI - SP;05 - Em trânsito para matriz;DEVOLUÇÃO MATRIZ;Aprovação pendente
412264605;05/10/2022 17:50;3035E847FC36F14000000001;PONTAL VERMELHO - matriz;pontal vermelho - lj 25 Mauá Plaza Shopping;05 - Em trânsito para matriz;DEVOLUÇÃO MATRIZ;Aprovação pendente
412264606;05/10/2022 17:50;3035E847FC2D494000000001;SMART FIT - ADM ELUMA - ESCRITORIO REGIONAL SP;SMART FIT  -  ADM SP SPICMP1 - Campestre;05 - Em trânsito para matriz;DEVOLUÇÃO MATRIZ;Aprovação pendente
412264608;05/10/2022 17:50;3035E847FC22BE0000000001;ASSAI - MATRIZ;ASSAI - 	LJ161 - SHOP MAUÁ - SP;05 - Em trânsito para matriz;DEVOLUÇÃO MATRIZ;Aprovação pendente
412264613;05/10/2022 17:50;3035E847FC2D554000000001;SMART FIT - ADM ELUMA - ESCRITORIO REGIONAL SP;SMART FIT  -  ADM SP SPISTA6 - Príncipe de Gales;05 - Em trânsito para matriz;DEVOLUÇÃO MATRIZ;Aprovação pendente
412264614;05/10/2022 17:50;3035E847FC16D70000000001;Iplace - Matriz;HS CONSORCIOS - Santo Andre;05 - Em trânsito para matriz;DEVOLUÇÃO MATRIZ;Aprovação pendente
412264617;05/10/2022 17:50;3035E847FC22260000000001;ASSAI - MATRIZ;ASSAI - 	LJ94 - VILA LUZITA - SP;05 - Em trânsito para matriz;DEVOLUÇÃO MATRIZ;Aprovação pendente
412264619;05/10/2022 17:50;3035E847FC1855C000000001;UNIDAS - MATRIZ SP;UNIDAS - SCP1 - SAO PAULO;05 - Em trânsito para matriz;DEVOLUÇÃO MATRIZ;Aprovação pendente
412264620;05/10/2022 17:50;3035E847FC1EC78000000001;TERLOC - MATRIZ;TERLOC - SANTO ANDRE;05 - Em trânsito para matriz;DEVOLUÇÃO MATRIZ;Aprovação pendente
412264621;05/10/2022 17:50;3035E847FC1EC7C000000001;TERLOC - MATRIZ;TERLOC - SANTO ANDRE;05 - Em trânsito para matriz;DEVOLUÇÃO MATRIZ;Aprovação pendente
412264622;05/10/2022 17:50;3035E847FC3B8DC000000001;FONTES DESPACHANTES - MATRIZ;FONTES DESPACHANTES - LIBERTY SEGUROS - SP;05 - Em trânsito para matriz;DEVOLUÇÃO MATRIZ;Aprovação pendente
412264624;05/10/2022 17:50;3035E847FC33960000000001;LEO MADEIRAS - MATRIZ;LEO MADEIRAS - Santo AndrE;05 - Em trânsito para matriz;DEVOLUÇÃO MATRIZ;Aprovação pendente
412264625;05/10/2022 17:50;3035E847FC38464000000001;SANUTRIN MATRIZ;SANUTRIN - VICENTINO VIRGEM PODEROSA;05 - Em trânsito para matriz;DEVOLUÇÃO MATRIZ;Aprovação pendente
412264627;05/10/2022 17:50;3035E847FC338FC000000001;LEO MADEIRAS - MATRIZ;LEO MADEIRAS - Ipiranga;05 - Em trânsito para matriz;DEVOLUÇÃO MATRIZ;Aprovação pendente
412264628;05/10/2022 17:50;3035E847FC3E42C000000001;LLINEA - MATRIZ;"""LNA	FERROLENE - SP""";05 - Em trânsito para matriz;DEVOLUÇÃO MATRIZ;Aprovação pendente
412264630;05/10/2022 17:50;3035E847FC33A10000000001;LEO MADEIRAS - MATRIZ;LEO MADEIRAS - GasOmetro;05 - Em trânsito para matriz;DEVOLUÇÃO MATRIZ;Aprovação pendente
412264631;05/10/2022 17:50;3035E847FC2C6BC000000001;LELLO - MATRIZ SP;LELLO - PAES DE BARROS;05 - Em trânsito para matriz;DEVOLUÇÃO MATRIZ;Aprovação pendente
412264633;05/10/2022 17:50;3035E847FC3B8CC000000001;FONTES DESPACHANTES - MATRIZ;fontes despachantes - morati - sp;05 - Em trânsito para matriz;DEVOLUÇÃO MATRIZ;Aprovação pendente
412264634;05/10/2022 17:50;3035E847FC1EB10000000001;LLINEA - MATRIZ;LNA VALENTIR ADVOGADOS ASSOCIADOS;05 - Em trânsito para matriz;DEVOLUÇÃO MATRIZ;Aprovação pendente
412264636;05/10/2022 17:50;3035E847FC375F8000000001;PONTAL VERMELHO - matriz;pontal vermelho - lj 20 bras;05 - Em trânsito para matriz;DEVOLUÇÃO MATRIZ;Aprovação pendente
412264638;05/10/2022 17:50;3035E847FC216C8000000001;ASSAI - MATRIZ;ASSAI - 	LJ16 - SANTO ANDRÉ - SP;05 - Em trânsito para matriz;DEVOLUÇÃO MATRIZ;Aprovação pendente
412264639;05/10/2022 17:50;3035E847FC27C58000000001;PIRELLI - MATRIZ;PIRELLI - LJ	2 - SANTO ANDRÉ;05 - Em trânsito para matriz;DEVOLUÇÃO MATRIZ;Aprovação pendente
412264640;05/10/2022 17:50;3035E847FC3B380000000001;AMERICAN SHOES - MATRIZ SP;AMERICAN SHOES - LJ15 - SHOP MAUA PLAZA;05 - Em trânsito para matriz;DEVOLUÇÃO MATRIZ;Aprovação pendente
412264641;05/10/2022 17:50;3035E847FC1EA64000000001;LLINEA - MATRIZ;LNA MERCADOCAR - SANTO ANDRE;05 - Em trânsito para matriz;DEVOLUÇÃO MATRIZ;Aprovação pendente
412264643;05/10/2022 17:50;3035E847FC2F6BC000000001;SMART FIT - ADM ELUMA - ESCRITORIO REGIONAL SP;smartfit - adm sp SPISTA1 - GRAND PLAZA;05 - Em trânsito para matriz;DEVOLUÇÃO MATRIZ;Aprovação pendente
412264645;05/10/2022 17:50;3035E847FC37D74000000001;PONTAL VERMELHO - matriz;pontal vermelho - lj 10 Grand Plaza Shopping;05 - Em trânsito para matriz;DEVOLUÇÃO MATRIZ;Aprovação pendente
412264646;05/10/2022 17:50;3035E847FC29440000000001;NIKE MATRIZ - ESCRITÓRIO LAPA;NIKE - SANTO ANDRE;05 - Em trânsito para matriz;DEVOLUÇÃO MATRIZ;Aprovação pendente
412264647;05/10/2022 17:50;3035E847FC2C5B8000000001;LELLO - MATRIZ SP;LELLO - FIGUEIRAS;05 - Em trânsito para matriz;DEVOLUÇÃO MATRIZ;Aprovação pendente
412270184;05/10/2022 18:06;3035E847FC36BE8000000001;JOGe - Matriz;JOGE - LJ 53 VILA NOVA CONCEIÇAO;05 - Em trânsito para matriz;DEVOLUÇÃO MATRIZ;Aprovação pendente
412270186;05/10/2022 18:06;3035E847FC36B98000000001;JOGe - Matriz;JOGE - LJ 34 RUA - GAIVOTAS;05 - Em trânsito para matriz;DEVOLUÇÃO MATRIZ;Aprovação pendente
412270188;05/10/2022 18:06;3035E847FC36C04000000001;JOGe - Matriz;JOGE - LJ 53 VILA NOVA CONCEIÇAO;05 - Em trânsito para matriz;DEVOLUÇÃO MATRIZ;Aprovação pendente
412270191;05/10/2022 18:06;3035E847FC36C40000000001;JOGe - Matriz;joge - LJ 56 SHOPPING VILLA LOBOS;05 - Em trânsito para matriz;DEVOLUÇÃO MATRIZ;Aprovação pendente
412270192;05/10/2022 18:06;3035E847FC36B9C000000001;JOGe - Matriz;JOGE - LJ 34 RUA - GAIVOTAS;05 - Em trânsito para matriz;DEVOLUÇÃO MATRIZ;Aprovação pendente
412270193;05/10/2022 18:06;3035E847FC36BF4000000001;JOGe - Matriz;JOGE - LJ 53 VILA NOVA CONCEIÇAO;05 - Em trânsito para matriz;DEVOLUÇÃO MATRIZ;Aprovação pendente
412270195;05/10/2022 18:06;3035E847FC36BA4000000001;JOGe - Matriz;JOGE - LJ 34 RUA - GAIVOTAS;05 - Em trânsito para matriz;DEVOLUÇÃO MATRIZ;Aprovação pendente
412270196;05/10/2022 18:06;3035E847FC36AB4000000001;JOGe - Matriz;JOGe - LJ 04 IGUATEMI ALPHAVILLE;05 - Em trânsito para matriz;DEVOLUÇÃO MATRIZ;Aprovação pendente
412270198;05/10/2022 18:06;3035E847FC36B90000000001;JOGe - Matriz;JOGE - LJ 34 RUA - GAIVOTAS;05 - Em trânsito para matriz;DEVOLUÇÃO MATRIZ;Aprovação pendente
412270199;05/10/2022 18:06;3035E847FC36B88000000001;JOGe - Matriz;JOGE - LJ 34 RUA - GAIVOTAS;05 - Em trânsito para matriz;DEVOLUÇÃO MATRIZ;Aprovação pendente
412270201;05/10/2022 18:06;3035E847FC3B580000000001;AMERICAN SHOES - MATRIZ SP;AMERICAN SHOES - LJ79 - SHOP TAMBORE;05 - Em trânsito para matriz;DEVOLUÇÃO MATRIZ;Aprovação pendente
412270203;05/10/2022 18:06;3035E847FC35DFC000000001;GRUPO SOMA - MATRIZ botafogo;grupo soma - ANIMALE SHOP. BOURBON POMPEIA;05 - Em trânsito para matriz;DEVOLUÇÃO MATRIZ;Aprovação pendente
412270204;05/10/2022 18:06;3035E847FC37D00000000001;PONTAL VERMELHO - matriz;PONTAL VERMELHO - LJ 06 LAPA;05 - Em trânsito para matriz;DEVOLUÇÃO MATRIZ;Aprovação pendente
412270205;05/10/2022 18:06;3035E847FC3C0E0000000001;COMMCENTER;commcenter - vargem grande paulista;05 - Em trânsito para matriz;DEVOLUÇÃO MATRIZ;Aprovação pendente
412270206;05/10/2022 18:06;3035E847FC1D734000000001;INBRANDS - MATRIZ;RICHARDS RC103 - ALPHAVILLE;05 - Em trânsito para matriz;DEVOLUÇÃO MATRIZ;Aprovação pendente
412270208;05/10/2022 18:06;3035E847FC27A94000000001;PASHAL - MATRIZ;PASHAL - JANDIRA;05 - Em trânsito para matriz;DEVOLUÇÃO MATRIZ;Aprovação pendente
412270211;05/10/2022 18:06;303430D3FC57E44000001C28;;;05 - Em trânsito para matriz;DEVOLUÇÃO MATRIZ;Aprovação pendente
412270214;05/10/2022 18:06;303430D3FC57E44000001C2A;;;05 - Em trânsito para matriz;DEVOLUÇÃO MATRIZ;Aprovação pendente
412270216;05/10/2022 18:06;3035E847FC3ACD0000000001;GENERAL SHOPPING - MATRIZ;GENERAL SHOPPING - BARUERI;05 - Em trânsito para matriz;DEVOLUÇÃO MATRIZ;Aprovação pendente
412270217;05/10/2022 18:06;3035E847FC3A808000000001;DOLCE E GABBANA - DG MATRIZ SHOWROOM;DOLCE E GABBANA - DG - ALPHAVILLE BARUERI;05 - Em trânsito para matriz;DEVOLUÇÃO MATRIZ;Aprovação pendente
412270219;05/10/2022 18:06;3035E847FC22A58000000001;ASSAI - MATRIZ;ASSAI - 	LJ151 - JANDIRA - SP;05 - Em trânsito para matriz;DEVOLUÇÃO MATRIZ;Aprovação pendente
412270221;05/10/2022 18:06;3035E847FC2C254000000001;VERZANI & SANDRINI - MATRIZ SAO PAULO;VERZANI MATRIZ SP - tambore - servicos;05 - Em trânsito para matriz;DEVOLUÇÃO MATRIZ;Aprovação pendente
412270223;05/10/2022 18:06;3035E847FC33F3C000000001;oab - matriz;oab - 117ª BARUERI;05 - Em trânsito para matriz;DEVOLUÇÃO MATRIZ;Aprovação pendente
412270224;05/10/2022 18:06;3035E847FC33F38000000001;oab - matriz;oab - 117ª BARUERI;05 - Em trânsito para matriz;DEVOLUÇÃO MATRIZ;Aprovação pendente
412270226;05/10/2022 18:06;3035E847FC20A8C000000001;LLINEA - MATRIZ;LNA	VGP - BUSINESS PARK;05 - Em trânsito para matriz;DEVOLUÇÃO MATRIZ;Aprovação pendente
412270228;05/10/2022 18:06;3035E847FC343E4000000001;oab - matriz;oab - 240ª JANDIRA;05 - Em trânsito para matriz;DEVOLUÇÃO MATRIZ;Aprovação pendente
412270229;05/10/2022 18:06;3035E847FC20A7C000000001;LLINEA - MATRIZ;LNA	TOTAL EXPRESS 2 - TEX COURIER (XINGU);05 - Em trânsito para matriz;DEVOLUÇÃO MATRIZ;Aprovação pendente
412270233;05/10/2022 18:06;3035E847FC29B50000000001;ASSAI - MATRIZ;ASSAI - LJ233 - Itapevi;05 - Em trânsito para matriz;DEVOLUÇÃO MATRIZ;Aprovação pendente
412270235;05/10/2022 18:06;3035E847FC3AE54000000001;BR PROPERTIES - BRPR - MATRIZ;BR PROPERTIES - BRPR - ALPHAVILLE;05 - Em trânsito para matriz;DEVOLUÇÃO MATRIZ;Aprovação pendente
412270236;05/10/2022 18:06;3035E847FC20A64000000001;LLINEA - MATRIZ;LNA	TOTAL EXPRESS 1 - TEX COURIER (PIRACEMA);05 - Em trânsito para matriz;DEVOLUÇÃO MATRIZ;Aprovação pendente
412270237;05/10/2022 18:06;3035E847FC34B84000000001;oab - matriz;oab - 250ª VARGEM GRANDE PAULISTA;05 - Em trânsito para matriz;DEVOLUÇÃO MATRIZ;Aprovação pendente
412270239;05/10/2022 18:06;3035E847FC373CC000000001;PONTAL VERMELHO - matriz;pontal vermelho - lj 41 Parque Shopping Barueri;05 - Em trânsito para matriz;DEVOLUÇÃO MATRIZ;Aprovação pendente
412270240;05/10/2022 18:06;3035E847FC36AB0000000001;JOGe - Matriz;JOGe - LJ 04 IGUATEMI ALPHAVILLE;05 - Em trânsito para matriz;DEVOLUÇÃO MATRIZ;Aprovação pendente
412270241;05/10/2022 18:06;3035E847FC36C2C000000001;JOGe - Matriz;joge - LJ 56 SHOPPING VILLA LOBOS;05 - Em trânsito para matriz;DEVOLUÇÃO MATRIZ;Aprovação pendente
412270242;05/10/2022 18:06;3035E847FC1CBA8000000001;INBRANDS - MATRIZ;ELLUS - SHOP VILLA LOBOS;05 - Em trânsito para matriz;DEVOLUÇÃO MATRIZ;Aprovação pendente
412270243;05/10/2022 18:06;3035E847FC35ED0000000001;GRUPO SOMA - MATRIZ botafogo;grupo soma - ANIMALE SHOP. VILA LOBOS;05 - Em trânsito para matriz;DEVOLUÇÃO MATRIZ;Aprovação pendente
412270247;05/10/2022 18:06;3035E847FC34310000000001;oab - matriz;oab - 198ª ITAPEVI;05 - Em trânsito para matriz;DEVOLUÇÃO MATRIZ;Aprovação pendente
412270249;05/10/2022 18:06;3035E847FC36BEC000000001;JOGe - Matriz;JOGE - LJ 53 VILA NOVA CONCEIÇAO;05 - Em trânsito para matriz;DEVOLUÇÃO MATRIZ;Aprovação pendente
412270252;05/10/2022 18:06;3035E847FC2C5AC000000001;LELLO - MATRIZ SP;LELLO SANTO ANDRÉ - CENTRO;05 - Em trânsito para matriz;DEVOLUÇÃO MATRIZ;Aprovação pendente
412270254;05/10/2022 18:06;3035E847FC37E14000000001;PONTAL VERMELHO - matriz;PONTAL VERMELHO - LJ 16 SHOPPING CENTRAL PLAZA;05 - Em trânsito para matriz;DEVOLUÇÃO MATRIZ;Aprovação pendente
412270256;05/10/2022 18:06;3035E847FC3B3B8000000001;AMERICAN SHOES - MATRIZ SP;AMERICAN SHOES - LJ25 - TABOAO DA SERRA;05 - Em trânsito para matriz;DEVOLUÇÃO MATRIZ;Aprovação pendente
412270257;05/10/2022 18:06;3035E847FC3B30C000000001;AMERICAN SHOES - MATRIZ SP;AMERICAN SHOES - LJ08 - campo limpo;05 - Em trânsito para matriz;DEVOLUÇÃO MATRIZ;Aprovação pendente
412270261;05/10/2022 18:06;3035E847FC40254000000001;ASSAI - MATRIZ;ASSAI - 280 - TABOAO DA SERRA CENTRO - SP;05 - Em trânsito para matriz;DEVOLUÇÃO MATRIZ;Aprovação pendente
412270265;05/10/2022 18:06;3035E847FC233C4000000001;LLINEA - MATRIZ;LNA - GRAFICA BROGOTA;05 - Em trânsito para matriz;DEVOLUÇÃO MATRIZ;Aprovação pendente
412270266;05/10/2022 18:06;3035E847FC3B878000000001;FONTES DESPACHANTES - MATRIZ;FONTES DESPACHANTES - DESP DOC ESPECIALISTA - Scs;05 - Em trânsito para matriz;DEVOLUÇÃO MATRIZ;Aprovação pendente
412270268;05/10/2022 18:06;3035E847FC3B440000000001;AMERICAN SHOES - MATRIZ SP;AMERICAN SHOES - LJ39 - SHOP HELIOPOLIS CENTER;05 - Em trânsito para matriz;DEVOLUÇÃO MATRIZ;Aprovação pendente
412270269;05/10/2022 18:06;3035E847FC37DF4000000001;PONTAL VERMELHO - matriz;PONTAL VERMELHO - LJ 15  Raposo Shopping Off Price;05 - Em trânsito para matriz;DEVOLUÇÃO MATRIZ;Aprovação pendente
412270271;05/10/2022 18:06;3035E847FC3B2FC000000001;AMERICAN SHOES - MATRIZ SP;AMERICAN SHOES - LJ07 - shop raposo;05 - Em trânsito para matriz;DEVOLUÇÃO MATRIZ;Aprovação pendente
412270272;05/10/2022 18:06;3035E847FC2C728000000001;LELLO - MATRIZ SP;LELLO - PARQUE DA MOOCA;05 - Em trânsito para matriz;DEVOLUÇÃO MATRIZ;Aprovação pendente
412270274;05/10/2022 18:06;3035E847FC20914000000001;LLINEA - MATRIZ;LNA	KIM PAES;05 - Em trânsito para matriz;DEVOLUÇÃO MATRIZ;Aprovação pendente
412270275;05/10/2022 18:06;3035E847FC38418000000001;SANUTRIN MATRIZ;SANUTRIN - SANFRA;05 - Em trânsito para matriz;DEVOLUÇÃO MATRIZ;Aprovação pendente
412270277;05/10/2022 18:06;3035E847FC36B54000000001;JOGe - Matriz;JOGE - LJ 13 SHOPPING JARDIM SUL;05 - Em trânsito para matriz;DEVOLUÇÃO MATRIZ;Aprovação pendente
412270278;05/10/2022 18:06;3035E847FC3D2E4000000001;LELLO - MATRIZ SP;LELLO - MORUMBI ROQUE PETRONI;05 - Em trânsito para matriz;DEVOLUÇÃO MATRIZ;Aprovação pendente
412270283;05/10/2022 18:06;3035E847FC3A318000000001;BR PROPERTIES - BRPR - MATRIZ;BR PROPERTIES - BRPR - PARQUE DA CIDADE - SP;05 - Em trânsito para matriz;DEVOLUÇÃO MATRIZ;Aprovação pendente
412270286;05/10/2022 18:06;3035E847FC1EA78000000001;LLINEA - MATRIZ;LNA MERCADOCAR - SANTO AMARO;05 - Em trânsito para matriz;DEVOLUÇÃO MATRIZ;Aprovação pendente
412270289;05/10/2022 18:06;3035E847FC20778000000001;LLINEA - MATRIZ;LNA	AUSTEX / DANONE ITAPECERICA;05 - Em trânsito para matriz;DEVOLUÇÃO MATRIZ;Aprovação pendente
412270292;05/10/2022 18:06;3035E847FC3AE28000000001;BR PROPERTIES - BRPR - MATRIZ;BR PROPERTIES - BRPR - PANAMERICA PARK - SP;05 - Em trânsito para matriz;DEVOLUÇÃO MATRIZ;Aprovação pendente
412270294;05/10/2022 18:06;3035E847FC220A4000000001;ASSAI - MATRIZ;ASSAI - 	LJ85 - TEOTONIO VILELA - SP;05 - Em trânsito para matriz;DEVOLUÇÃO MATRIZ;Aprovação pendente
412270295;05/10/2022 18:06;3035E847FC370FC000000001;PONTAL VERMELHO - matriz;pontal vermelho - lj 32 Shopping Interlagos;05 - Em trânsito para matriz;DEVOLUÇÃO MATRIZ;Aprovação pendente
412270296;05/10/2022 18:06;3035E847FC1D348000000001;INBRANDS - MATRIZ;RICHARDS RC135 - VILA NOVA;05 - Em trânsito para matriz;DEVOLUÇÃO MATRIZ;Aprovação pendente
412270298;05/10/2022 18:06;3035E847FC30748000000001;SMART FIT - ADM ELUMA - ESCRITORIO REGIONAL SP;SMARTFIT - ADM SP SPCVMC1 - Santa Catarina I;05 - Em trânsito para matriz;DEVOLUÇÃO MATRIZ;Aprovação pendente
412270300;05/10/2022 18:06;3035E847FC33908000000001;LEO MADEIRAS - MATRIZ;leo madeiras - Interlagos;05 - Em trânsito para matriz;DEVOLUÇÃO MATRIZ;Aprovação pendente
412270301;05/10/2022 18:06;3035E847FC22CA8000000001;ASSAI - MATRIZ;ASSAI - 	LJ166 - SANTA CATARINA - SP;05 - Em trânsito para matriz;DEVOLUÇÃO MATRIZ;Aprovação pendente
412270304;05/10/2022 18:06;3035E847FC3B1C4000000001;MEIA DE SEDA;MEIA DE SEDA - loja 63 SHOP. IBIRAPUERA;05 - Em trânsito para matriz;DEVOLUÇÃO MATRIZ;Aprovação pendente
412270307;05/10/2022 18:06;3035E847FC3A4C8000000001;UNIDAS - MATRIZ SP;UNIDAS - acelero - joao dias;05 - Em trânsito para matriz;DEVOLUÇÃO MATRIZ;Aprovação pendente
412270309;05/10/2022 18:06;3035E847FC192C0000000001;UNIDAS - MATRIZ SP;UNIDAS - VLOS - OSASCO;05 - Em trânsito para matriz;DEVOLUÇÃO MATRIZ;Aprovação pendente
412270310;05/10/2022 18:06;3035E847FC19220000000001;UNIDAS - MATRIZ SP;UNIDAS - VJOD - SAO PAULO;05 - Em trânsito para matriz;DEVOLUÇÃO MATRIZ;Aprovação pendente
412270311;05/10/2022 18:06;"3035E847FC1931400000000
";;;05 - Em trânsito para matriz;DEVOLUÇÃO MATRIZ;Aprovação pendente
412270312;05/10/2022 18:06;3035E847FC33C90000000001;UNIDAS - MATRIZ SP;UNIDAS - VLOS - OSASCO;05 - Em trânsito para matriz;DEVOLUÇÃO MATRIZ;Aprovação pendente
412270313;05/10/2022 18:06;3035E847FC2C38C000000001;UNIDAS - MATRIZ SP;UNIDAS - VJOD - SAO PAULO;05 - Em trânsito para matriz;DEVOLUÇÃO MATRIZ;Aprovação pendente
412270314;05/10/2022 18:06;3035E847FC36A90000000001;JOGe - Matriz;JOGE - LJ 03 SHOP. IBIRAPUERA;05 - Em trânsito para matriz;DEVOLUÇÃO MATRIZ;Aprovação pendente
412270315;05/10/2022 18:06;3035E847FC3E1AC000000001;INBRANDS - MATRIZ;TH - IBIRAPUERA;05 - Em trânsito para matriz;DEVOLUÇÃO MATRIZ;Aprovação pendente
412270318;05/10/2022 18:06;3035E847FC1D3B8000000001;INBRANDS - MATRIZ;RICHARDS RC13 - Ibirapuera;05 - Em trânsito para matriz;DEVOLUÇÃO MATRIZ;Aprovação pendente
412270320;05/10/2022 18:06;3035E847FC35C5C000000001;grupo soma - matriz sao cristovao;grupo soma - FARM VILA NOVA CONCEICAO;05 - Em trânsito para matriz;DEVOLUÇÃO MATRIZ;Aprovação pendente
412270322;05/10/2022 18:06;3035E847FC35C60000000001;grupo soma - matriz sao cristovao;grupo soma - FARM VILA NOVA CONCEICAO;05 - Em trânsito para matriz;DEVOLUÇÃO MATRIZ;Aprovação pendente
412270324;05/10/2022 18:06;3035E847FC21714000000001;ASSAI - MATRIZ;ASSAI - 	LJ18 - JOÃO DIAS - SP;05 - Em trânsito para matriz;DEVOLUÇÃO MATRIZ;Aprovação pendente
412270325;05/10/2022 18:06;3035E847FC35C64000000001;grupo soma - matriz sao cristovao;grupo soma - FARM VILA NOVA CONCEICAO;05 - Em trânsito para matriz;DEVOLUÇÃO MATRIZ;Aprovação pendente
412270326;05/10/2022 18:06;3035E847FC338E4000000001;LEO MADEIRAS - MATRIZ;leo madeiras - Aeroporto;05 - Em trânsito para matriz;DEVOLUÇÃO MATRIZ;Aprovação pendente
412270327;05/10/2022 18:06;3035E847FC3C888000000001;Capemisa Seguradora;CAPEMISA SEGURADORA - SAO PAULO;05 - Em trânsito para matriz;DEVOLUÇÃO MATRIZ;Aprovação pendente
412270328;05/10/2022 18:06;3035E847FC30740000000001;SMART FIT - ADM ELUMA - ESCRITORIO REGIONAL SP;SMART FIT  -  ADM SP SPCVMC3 - Av. Santa Catarina II;05 - Em trânsito para matriz;DEVOLUÇÃO MATRIZ;Aprovação pendente
412277185;05/10/2022 18:43;3035E847FC30888000000001;SMART FIT - ADM ELUMA - ESCRITORIO REGIONAL SP;SMART FIT  -  ADM SP SPCINT1 - Shopping Interlagos;05 - Em trânsito para matriz;DEVOLUÇÃO MATRIZ;Aprovação pendente
412277187;05/10/2022 18:43;3035E847FC3051C000000001;SMART FIT - ADM ELUMA - ESCRITORIO REGIONAL SP;SMARTFIT - ADM SP SPCVMC2 - Avenida Mascote;05 - Em trânsito para matriz;DEVOLUÇÃO MATRIZ;Aprovação pendente
412277189;05/10/2022 18:43;3035E847FC30834000000001;SMART FIT - ADM ELUMA - ESCRITORIO REGIONAL SP;SMART FIT  -  ADM SP SPCMOE1  - Gaivota;05 - Em trânsito para matriz;DEVOLUÇÃO MATRIZ;Aprovação pendente
412277190;05/10/2022 18:43;3035E847FC3E774000000001;ICATU SEGUROS - MATRIZ RIO DE JANEIRO;ICATU SEGUROS - RIO DE JANEIRO - SAO PAULO;05 - Em trânsito para matriz;DEVOLUÇÃO MATRIZ;Aprovação pendente
412277191;05/10/2022 18:43;3035E847FC36C10000000001;JOGe - Matriz;joge - LJ 54 VILA MARIANA;05 - Em trânsito para matriz;DEVOLUÇÃO MATRIZ;Aprovação pendente
412277192;05/10/2022 18:43;3035E847FC30680000000001;SMART FIT - ADM ELUMA - ESCRITORIO REGIONAL SP;SMART FIT  -  ADM SP SPCMOE5 - Bem-te-vi;05 - Em trânsito para matriz;DEVOLUÇÃO MATRIZ;Aprovação pendente
412277193;05/10/2022 18:43;3035E847FC35DA4000000001;GRUPO SOMA - MATRIZ botafogo;grupo soma -  ANIMALE MOEMA;05 - Em trânsito para matriz;DEVOLUÇÃO MATRIZ;Aprovação pendente
412277194;05/10/2022 18:43;3035E847FC30858000000001;SMART FIT - ADM ELUMA - ESCRITORIO REGIONAL SP;SMART FIT  -  ADM SP SPCPRS1 - Rua Cubatão;05 - Em trânsito para matriz;DEVOLUÇÃO MATRIZ;Aprovação pendente
412277195;05/10/2022 18:43;3035E847FC30660000000001;SMART FIT - ADM ELUMA - ESCRITORIO REGIONAL SP;SMART FIT  -  ADM SP SPCMOE6 - Maracatins;05 - Em trânsito para matriz;DEVOLUÇÃO MATRIZ;Aprovação pendente
412277196;05/10/2022 18:43;3035E847FC1C488000000001;INBRANDS - MATRIZ;BOBSTORE - MORUMBI;05 - Em trânsito para matriz;DEVOLUÇÃO MATRIZ;Aprovação pendente
412277197;05/10/2022 18:43;3035E847FC1CD2C000000001;INBRANDS - MATRIZ;ELLUS - MORUMBI;05 - Em trânsito para matriz;DEVOLUÇÃO MATRIZ;Aprovação pendente
412277198;05/10/2022 18:43;3035E847FC1C34C000000001;INBRANDS - MATRIZ;TH - MORUMBI;05 - Em trânsito para matriz;DEVOLUÇÃO MATRIZ;Aprovação pendente
412277199;05/10/2022 18:43;3035E847FC36B00000000001;JOGe - Matriz;JOGe - LJ 06 SHOPPING MORUMBI;05 - Em trânsito para matriz;DEVOLUÇÃO MATRIZ;Aprovação pendente
412277200;05/10/2022 18:43;303430D3FC57E44000001BE6;;;05 - Em trânsito para matriz;DEVOLUÇÃO MATRIZ;Aprovação pendente
412277201;05/10/2022 18:43;3035E847FC1C7C8000000001;INBRANDS - MATRIZ;VR MORUMBI;05 - Em trânsito para matriz;DEVOLUÇÃO MATRIZ;Aprovação pendente
412277202;05/10/2022 18:43;3035E847FC37D98000000001;PONTAL VERMELHO - matriz;PONTAL VERMELHO - LJ 12 Shopping Campo Limpo;05 - Em trânsito para matriz;DEVOLUÇÃO MATRIZ;Aprovação pendente
412277203;05/10/2022 18:43;3035E847FC3B430000000001;AMERICAN SHOES - MATRIZ SP;AMERICAN SHOES - LJ37 - SHOP FIESTA;05 - Em trânsito para matriz;DEVOLUÇÃO MATRIZ;Aprovação pendente
412277204;05/10/2022 18:43;3035E847FC3844C000000001;SANUTRIN MATRIZ;SANUTRIN - LUMIAR MORUMBI;05 - Em trânsito para matriz;DEVOLUÇÃO MATRIZ;Aprovação pendente
412277205;05/10/2022 18:43;3035E847FC3B3E0000000001;AMERICAN SHOES - MATRIZ SP;AMERICAN SHOES - LJ33 - SHOP CAMPO LIMPO;05 - Em trânsito para matriz;DEVOLUÇÃO MATRIZ;Aprovação pendente
412277206;05/10/2022 18:43;3035E847FC339B4000000001;LEO MADEIRAS - MATRIZ;LEO MADEIRAS - JoAo Dias;05 - Em trânsito para matriz;DEVOLUÇÃO MATRIZ;Aprovação pendente
412277207;05/10/2022 18:43;3035E847FC382E4000000001;SANUTRIN MATRIZ;SANUTRIN - HUMBOLDT;05 - Em trânsito para matriz;DEVOLUÇÃO MATRIZ;Aprovação pendente
412277208;05/10/2022 18:43;3035E847FC1CDFC000000001;INBRANDS - MATRIZ;ELLUS - IBIRAPUERA;05 - Em trânsito para matriz;DEVOLUÇÃO MATRIZ;Aprovação pendente
412277209;05/10/2022 18:43;3035E847FC1C580000000001;INBRANDS - MATRIZ;VR IBIRAPUERA;05 - Em trânsito para matriz;DEVOLUÇÃO MATRIZ;Aprovação pendente
412277210;05/10/2022 18:43;3035E847FC3B190000000001;MAMAE PRESENTES - CASA LOJISTA - MATRIZ;MAMAE PRESENTES - TATUAPE;05 - Em trânsito para matriz;DEVOLUÇÃO MATRIZ;Aprovação pendente
412277211;05/10/2022 18:43;3035E847FC1EAE0000000001;LLINEA - MATRIZ;LNA COZINHA CENTRAL;05 - Em trânsito para matriz;DEVOLUÇÃO MATRIZ;Aprovação pendente
412277212;05/10/2022 18:43;3035E847FC36F64000000001;PONTAL VERMELHO - matriz;pontal vermelho - lj 26 Shopping Metro Tatuapé;05 - Em trânsito para matriz;DEVOLUÇÃO MATRIZ;Aprovação pendente
412277213;05/10/2022 18:43;3035E847FC1A534000000001;UNIDAS - MATRIZ SP;UNIDAS - ACELERO ANHAIA MELO;05 - Em trânsito para matriz;DEVOLUÇÃO MATRIZ;Aprovação pendente
412277214;05/10/2022 18:43;3035E847FC2F8BC000000001;SMART FIT - ADM ELUMA - ESCRITORIO REGIONAL SP;SMARTFIT - ADM SP SPCAFR1 - ANALIA FRANCO;05 - Em trânsito para matriz;DEVOLUÇÃO MATRIZ;Aprovação pendente
412277215;05/10/2022 18:43;3035E847FC2F8B8000000001;SMART FIT - ADM ELUMA - ESCRITORIO REGIONAL SP;SMARTFIT - ADM SP SPCAFR1 - ANALIA FRANCO;05 - Em trânsito para matriz;DEVOLUÇÃO MATRIZ;Aprovação pendente
412277217;05/10/2022 18:43;3035E847FC22A9C000000001;ASSAI - MATRIZ;ASSAI - 	LJ153 - SÃO MATEUS - SP;05 - Em trânsito para matriz;DEVOLUÇÃO MATRIZ;Aprovação pendente
412277218;05/10/2022 18:43;3035E847FC3DDC4000000001;LLINEA - MATRIZ;LNA - PREMIER FAME BELEM;05 - Em trânsito para matriz;DEVOLUÇÃO MATRIZ;Aprovação pendente
412277219;05/10/2022 18:43;3035E847FC39C38000000001;CAR SYSTEM - MATRIZ;CAR SYSTEM - REGIONAL MI;05 - Em trânsito para matriz;DEVOLUÇÃO MATRIZ;Aprovação pendente
412277220;05/10/2022 18:43;3035E847FC359D4000000001;DSV - MATRIZ SANTOS;DSV MATRIZ SANTOS - EDIFICIO DE APOIO TECA;05 - Em trânsito para matriz;DEVOLUÇÃO MATRIZ;Aprovação pendente
412277221;05/10/2022 18:43;3035E847FC3387C000000001;LEO MADEIRAS - MATRIZ;LEO MADEIRAS - Guarulhos;05 - Em trânsito para matriz;DEVOLUÇÃO MATRIZ;Aprovação pendente
412277222;05/10/2022 18:43;3035E847FC3A9A4000000001;MASSIMA  ALIMENTAÇAO - MATRIZ SP;MASSIMA ALIMENT - CONTINENTAL GUARULHOS;05 - Em trânsito para matriz;DEVOLUÇÃO MATRIZ;Aprovação pendente
412278878;05/10/2022 18:43;3035E847FC39C44000000001;CAR SYSTEM - MATRIZ;CAR SYSTEM - REGIONAL  JG;05 - Em trânsito para matriz;DEVOLUÇÃO MATRIZ;Aprovação pendente
412278880;05/10/2022 18:43;3035E847FC3745C000000001;PONTAL VERMELHO - matriz;pontal vermelho - lj 45 Shopping Metro Itaquera;05 - Em trânsito para matriz;DEVOLUÇÃO MATRIZ;Aprovação pendente
412278883;05/10/2022 18:43;3035E847FC3B3E8000000001;AMERICAN SHOES - MATRIZ SP;AMERICAN SHOES - LJ35 - SHOP ITAQUERA;05 - Em trânsito para matriz;DEVOLUÇÃO MATRIZ;Aprovação pendente
412278885;05/10/2022 18:43;3035E847FC29560000000001;NIKE MATRIZ - ESCRITÓRIO LAPA;NIKE - SHOPPING METRO ITAQUERA;05 - Em trânsito para matriz;DEVOLUÇÃO MATRIZ;Aprovação pendente
412278887;05/10/2022 18:43;3035E847FC38024000000001;PONTAL VERMELHO - matriz;PONTAL VERMELHO - lj 04 SHOP. ARICANDUVA;05 - Em trânsito para matriz;DEVOLUÇÃO MATRIZ;Aprovação pendente
412278889;05/10/2022 18:43;3035E847FC37144000000001;PONTAL VERMELHO - matriz;pontal vermelho - lj 33 Shopping Aricanduva;05 - Em trânsito para matriz;DEVOLUÇÃO MATRIZ;Aprovação pendente
412278891;05/10/2022 18:43;3035E847FC3809C000000001;PONTAL VERMELHO - matriz;pontal vermelho - lj 47 Shopping Metro Itaquera;05 - Em trânsito para matriz;DEVOLUÇÃO MATRIZ;Aprovação pendente
412278893;05/10/2022 18:43;3035E847FC1C5A0000000001;INBRANDS - MATRIZ;VR SHOP ANALIA FRANCO;05 - Em trânsito para matriz;DEVOLUÇÃO MATRIZ;Aprovação pendente
412278895;05/10/2022 18:43;3035E847FC35230000000001;DAVÓ MATRIZ - LJ 03 - HIPER GUAIANAZES;DAVó - lj 02 - Hiper OratOrio;05 - Em trânsito para matriz;DEVOLUÇÃO MATRIZ;Aprovação pendente
412278897;05/10/2022 18:43;3035E847FC3B12C000000001;MAMAE PRESENTES - CASA LOJISTA - MATRIZ;MAMAE PRESENTES - GUARULHOS;05 - Em trânsito para matriz;DEVOLUÇÃO MATRIZ;Aprovação pendente
412278900;05/10/2022 18:43;3035E847FC34248000000001;oab - matriz;oab - 57ª GUARULHOS;05 - Em trânsito para matriz;DEVOLUÇÃO MATRIZ;Aprovação pendente
412278902;05/10/2022 18:43;3035E847FC2097C000000001;LLINEA - MATRIZ;LNA	MERCADOCAR - GUARULHOS;05 - Em trânsito para matriz;DEVOLUÇÃO MATRIZ;Aprovação pendente
412278905;05/10/2022 18:43;3035E847FC35368000000001;DAVÓ MATRIZ - LJ 03 - HIPER GUAIANAZES;davó - lj 28 - POUPAKI Atacadista - Guarulhos;05 - Em trânsito para matriz;DEVOLUÇÃO MATRIZ;Aprovação pendente
412278908;05/10/2022 18:43;3035E847FC18908000000001;UNIDAS - MATRIZ SP;UNIDAS - GRU1 - GUARULHOS;05 - Em trânsito para matriz;DEVOLUÇÃO MATRIZ;Aprovação pendente
412278911;05/10/2022 18:43;3035E847FC25B8C000000001;DSV AIR & SEA BRASIL - MATRIZ SP;DSV AIR & SEA BRASIL - GRU - AEROPORTO;05 - Em trânsito para matriz;DEVOLUÇÃO MATRIZ;Aprovação pendente
412278913;05/10/2022 18:43;3035E847FC220C4000000001;ASSAI - MATRIZ;ASSAI - 	LJ86 - GUARULHOS JAMIL - SP;05 - Em trânsito para matriz;DEVOLUÇÃO MATRIZ;Aprovação pendente
412278915;05/10/2022 18:43;3035E847FC1EACC000000001;LLINEA - MATRIZ;LNA CROMA;05 - Em trânsito para matriz;DEVOLUÇÃO MATRIZ;Aprovação pendente
412278916;05/10/2022 18:43;3035E847FC3ACE8000000001;GENERAL SHOPPING - MATRIZ;GENERAL SHOPPING - MAIA GUARULHOS;05 - Em trânsito para matriz;DEVOLUÇÃO MATRIZ;Aprovação pendente
412278918;05/10/2022 18:43;3035E847FC22194000000001;ASSAI - MATRIZ;ASSAI - 	LJ89 - FERNÃO DIAS - SP;05 - Em trânsito para matriz;DEVOLUÇÃO MATRIZ;Aprovação pendente
412278920;05/10/2022 18:43;3035E847FC18910000000001;UNIDAS - MATRIZ SP;UNIDAS - GRU1 - GUARULHOS;05 - Em trânsito para matriz;DEVOLUÇÃO MATRIZ;Aprovação pendente
412278924;05/10/2022 18:43;3035E847FC355DC000000001;TRACK FIELD - matriz;TRACK FIELD - Gru T3;05 - Em trânsito para matriz;DEVOLUÇÃO MATRIZ;Aprovação pendente
412278926;05/10/2022 18:43;3035E847FC3B8B8000000001;FONTES DESPACHANTES - MATRIZ;fontes despachantes - incane - guarulhos;05 - Em trânsito para matriz;DEVOLUÇÃO MATRIZ;Aprovação pendente
412278928;05/10/2022 18:43;3035E847FC18904000000001;UNIDAS - MATRIZ SP;UNIDAS - GRU1 - GUARULHOS;05 - Em trânsito para matriz;DEVOLUÇÃO MATRIZ;Aprovação pendente
412278930;05/10/2022 18:43;3035E847FC37D2C000000001;PONTAL VERMELHO - matriz;PONTAL VERMELHO - LJ 07 Internacional Shopping de Guarulhos;05 - Em trânsito para matriz;DEVOLUÇÃO MATRIZ;Aprovação pendente
412278932;05/10/2022 18:43;3035E847FC37E44000000001;PONTAL VERMELHO - matriz;PONTAL VERMELHO - LJ 11 Shopping Bonsucesso;05 - Em trânsito para matriz;DEVOLUÇÃO MATRIZ;Aprovação pendente
412278934;05/10/2022 18:43;3035E847FC3FC8C000000001;embrapol - matriz;embrapol - ótica e reloj. vila rica;05 - Em trânsito para matriz;DEVOLUÇÃO MATRIZ;Aprovação pendente
412278936;05/10/2022 18:43;3035E847FC3B1B0000000001;MAMAE PRESENTES - CASA LOJISTA - MATRIZ;MAMAE PRESENTES - LJ DEPARTAMENTOS - ARICANDUVA;05 - Em trânsito para matriz;DEVOLUÇÃO MATRIZ;Aprovação pendente
412278938;05/10/2022 18:43;3035E847FC2096C000000001;LLINEA - MATRIZ;LNA	MERCADOCAR - ARICANDUVA;05 - Em trânsito para matriz;DEVOLUÇÃO MATRIZ;Aprovação pendente
412278940;05/10/2022 18:43;3035E847FC21740000000001;ASSAI - MATRIZ;ASSAI - 	LJ19 - ITAQUERA - SP;05 - Em trânsito para matriz;DEVOLUÇÃO MATRIZ;Aprovação pendente
412278942;05/10/2022 18:43;3035E847FC384C0000000001;DAVÓ MATRIZ - LJ 03 - HIPER GUAIANAZES;davó - lj 01 - Super Itaquera;05 - Em trânsito para matriz;DEVOLUÇÃO MATRIZ;Aprovação pendente
412278944;05/10/2022 18:43;3035E847FC2C704000000001;LELLO - MATRIZ SP;LELLO - TATUAPE;05 - Em trânsito para matriz;DEVOLUÇÃO MATRIZ;Aprovação pendente
412278946;05/10/2022 18:43;3035E847FC214D8000000001;ASSAI - MATRIZ;ASSAI - 	LJ1 - Vila Carrão;05 - Em trânsito para matriz;DEVOLUÇÃO MATRIZ;Aprovação pendente
412278948;05/10/2022 18:43;3035E847FC33868000000001;LEO MADEIRAS - MATRIZ;leo madeiras - Aricanduva;05 - Em trânsito para matriz;DEVOLUÇÃO MATRIZ;Aprovação pendente
412278950;05/10/2022 18:43;3035E847FC35594000000001;TRACK FIELD - matriz;TRACK FIELD - GUARULHOS;05 - Em trânsito para matriz;DEVOLUÇÃO MATRIZ;Aprovação pendente
412278952;05/10/2022 18:43;3035E847FC293E0000000001;NIKE MATRIZ - ESCRITÓRIO LAPA;NIKE - OUTLET SO MARCAS - GUARULHOS;05 - Em trânsito para matriz;DEVOLUÇÃO MATRIZ;Aprovação pendente
412278954;05/10/2022 18:43;3035E847FC293EC000000001;NIKE MATRIZ - ESCRITÓRIO LAPA;NIKE - OUTLET SO MARCAS - GUARULHOS;05 - Em trânsito para matriz;DEVOLUÇÃO MATRIZ;Aprovação pendente
412278956;05/10/2022 18:43;3035E847FC1D990000000001;BAGAGGIO - MATRIZ;BAGAGGIO - LOJA 34 - GUARULHOS;05 - Em trânsito para matriz;DEVOLUÇÃO MATRIZ;Aprovação pendente
412278958;05/10/2022 18:43;3035E847FC20784000000001;LLINEA - MATRIZ;LNA	AUTO SUECO - GUARULHOS;05 - Em trânsito para matriz;DEVOLUÇÃO MATRIZ;Aprovação pendente
412278960;05/10/2022 18:43;3035E847FC33328000000001;embrapol - matriz;embrapol - guarulhos;05 - Em trânsito para matriz;DEVOLUÇÃO MATRIZ;Aprovação pendente
412278962;05/10/2022 18:43;3035E847FC385C8000000001;CAR SYSTEM - MATRIZ;CAR SYSTEM - LIVITYCAR - GUARULHOS;05 - Em trânsito para matriz;DEVOLUÇÃO MATRIZ;Aprovação pendente
412278964;05/10/2022 18:43;3035E847FC3AD00000000001;GENERAL SHOPPING - MATRIZ;GENERAL SHOPPING - BONSUCESSO GUARULHOS;05 - Em trânsito para matriz;DEVOLUÇÃO MATRIZ;Aprovação pendente
412278966;05/10/2022 18:43;3035E847FC2C50C000000001;LELLO - MATRIZ SP;LELLO 8595 - COND VIVA ALEGRIA SONHO;05 - Em trânsito para matriz;DEVOLUÇÃO MATRIZ;Aprovação pendente
412278968;05/10/2022 18:43;3035E847FC209B8000000001;LLINEA - MATRIZ;LNA	OCEANO;05 - Em trânsito para matriz;DEVOLUÇÃO MATRIZ;Aprovação pendente
412278971;05/10/2022 18:43;3035E847FC232C8000000001;ASSAI - MATRIZ;ASSAI - 	CD - 915 - CD Cajamar;05 - Em trânsito para matriz;DEVOLUÇÃO MATRIZ;Aprovação pendente
412278973;05/10/2022 18:43;3035E847FC208C8000000001;LLINEA - MATRIZ;LNA	HINES;05 - Em trânsito para matriz;DEVOLUÇÃO MATRIZ;Aprovação pendente
412281369;05/10/2022 18:56;3035E847FC24BBC000000001;DSV AIR & SEA BRASIL - MATRIZ SP;dsv MATRIZ SP - CAJAMAR;05 - Em trânsito para matriz;DEVOLUÇÃO MATRIZ;Aprovação pendente
412281370;05/10/2022 18:56;3035E847FC3B4C4000000001;embrapol - matriz;EMBRAPOL - PRACA DO OCULOS;05 - Em trânsito para matriz;DEVOLUÇÃO MATRIZ;Aprovação pendente
412281372;05/10/2022 18:56;3035E847FC341B0000000001;oab - matriz;oab - 249ª FRANCISCO MORATO;05 - Em trânsito para matriz;DEVOLUÇÃO MATRIZ;Aprovação pendente
412281374;05/10/2022 18:56;3035E847FC2F1B0000000001;ASSAI - MATRIZ;ASSAI - 	LJ127 - FRANCO DA ROCHA - SP;05 - Em trânsito para matriz;DEVOLUÇÃO MATRIZ;Aprovação pendente
412281375;05/10/2022 18:56;3035E847FC3B594000000001;AMERICAN SHOES - MATRIZ SP;AMERICAN SHOES - LJ81 - FRANCO DA ROCHA;05 - Em trânsito para matriz;DEVOLUÇÃO MATRIZ;Aprovação pendente
412281376;05/10/2022 18:56;3035E847FC341C0000000001;oab - matriz;oab - 150ª  FRANCO DA ROCHA;05 - Em trânsito para matriz;DEVOLUÇÃO MATRIZ;Aprovação pendente
412281377;05/10/2022 18:56;3035E847FC344B8000000001;oab - matriz;oab - 129ª MAIRIPORa;05 - Em trânsito para matriz;DEVOLUÇÃO MATRIZ;Aprovação pendente
412281378;05/10/2022 18:56;3035E847FC20948000000001;LLINEA - MATRIZ;LNA	MAZDA;05 - Em trânsito para matriz;DEVOLUÇÃO MATRIZ;Aprovação pendente
412281380;05/10/2022 18:56;3035E847FC380C4000000001;PONTAL VERMELHO - matriz;pontal vermelho - lj 48 Cantareira Shopping;05 - Em trânsito para matriz;DEVOLUÇÃO MATRIZ;Aprovação pendente
412281381;05/10/2022 18:56;3035E847FC1EA88000000001;LLINEA - MATRIZ;LNA MERCADOCAR - PIRITUBA;05 - Em trânsito para matriz;DEVOLUÇÃO MATRIZ;Aprovação pendente
412281382;05/10/2022 18:56;3035E847FC3806C000000001;PONTAL VERMELHO - matriz;pontal vermelho - lj 46 Tiete Plaza Shopping;05 - Em trânsito para matriz;DEVOLUÇÃO MATRIZ;Aprovação pendente
412281383;05/10/2022 18:56;3035E847FC3E558000000001;ASSAI - MATRIZ;ASSAI - 272 - ANHANGUERA;05 - Em trânsito para matriz;DEVOLUÇÃO MATRIZ;Aprovação pendente
412281384;05/10/2022 18:56;3035E847FC3F92C000000001;ASSAI - MATRIZ;ASSAI - 285 - FREGUESIA DO Ó II;05 - Em trânsito para matriz;DEVOLUÇÃO MATRIZ;Aprovação pendente
412281385;05/10/2022 18:56;3035E847FC222A8000000001;ASSAI - MATRIZ;ASSAI - 	LJ96 - CARAPICUIBA - SP;05 - Em trânsito para matriz;DEVOLUÇÃO MATRIZ;Aprovação pendente
412281386;05/10/2022 18:56;3035E847FC3B1A4000000001;MAMAE PRESENTES - CASA LOJISTA - MATRIZ;MAMAE PRESENTES - CARAPICUIBA;05 - Em trânsito para matriz;DEVOLUÇÃO MATRIZ;Aprovação pendente
412281387;05/10/2022 18:56;3035E847FC20954000000001;LLINEA - MATRIZ;LNA	MECANO FABRIL / CONDOMÍNIO;05 - Em trânsito para matriz;DEVOLUÇÃO MATRIZ;Aprovação pendente
412281388;05/10/2022 18:56;3035E847FC3B154000000001;MAMAE PRESENTES - CASA LOJISTA - MATRIZ;MAMAE PRESENTES - OSASCO;05 - Em trânsito para matriz;DEVOLUÇÃO MATRIZ;Aprovação pendente
412281389;05/10/2022 18:56;3035E847FC3042C000000001;SMART FIT - ADM ELUMA - ESCRITORIO REGIONAL SP;SMART FIT  -  ADM SP SPIOSA2 - União Osasco;05 - Em trânsito para matriz;DEVOLUÇÃO MATRIZ;Aprovação pendente
412281391;05/10/2022 18:56;3035E847FC1EA50000000001;LLINEA - MATRIZ;LNA NOVARES;05 - Em trânsito para matriz;DEVOLUÇÃO MATRIZ;Aprovação pendente
412281392;05/10/2022 18:56;3035E847FC2934C000000001;NIKE MATRIZ - ESCRITÓRIO LAPA;NIKE - OUTLET OSASCO;05 - Em trânsito para matriz;DEVOLUÇÃO MATRIZ;Aprovação pendente
412281393;05/10/2022 18:56;3035E847FC37CCC000000001;PONTAL VERMELHO - matriz;PONTAL VERMELHO - LJ 05 GUARULHOS;05 - Em trânsito para matriz;DEVOLUÇÃO MATRIZ;Aprovação pendente
412281394;05/10/2022 18:56;3035E847FC3B2EC000000001;AMERICAN SHOES - MATRIZ SP;american shoes - lj05 - shop osasco plaza;05 - Em trânsito para matriz;DEVOLUÇÃO MATRIZ;Aprovação pendente
412281395;05/10/2022 18:56;3035E847FC33974000000001;LEO MADEIRAS - MATRIZ;leo madeiras - Osasco;05 - Em trânsito para matriz;DEVOLUÇÃO MATRIZ;Aprovação pendente
412281396;05/10/2022 18:56;3035E847FC20798000000001;LLINEA - MATRIZ;LNA	AUTO SUECO MATRIZ - JARAGUÁ;05 - Em trânsito para matriz;DEVOLUÇÃO MATRIZ;Aprovação pendente
412281397;05/10/2022 18:56;3035E847FC319E4000000001;SMART FIT - ADM ELUMA - ESCRITORIO REGIONAL SP;smart fit - adm sp SPIOSA6 - Osasco KM 18;05 - Em trânsito para matriz;DEVOLUÇÃO MATRIZ;Aprovação pendente
412281398;05/10/2022 18:56;3035E847FC207D4000000001;LLINEA - MATRIZ;LNA	CENTRO DE DISTRIBUIÇÃO;05 - Em trânsito para matriz;DEVOLUÇÃO MATRIZ;Aprovação pendente
412281399;05/10/2022 18:56;3035E847FC371E4000000001;PONTAL VERMELHO - matriz;pontal vermelho - lj 35 Shopping União de Osasco;05 - Em trânsito para matriz;DEVOLUÇÃO MATRIZ;Aprovação pendente
412281400;05/10/2022 18:56;3035E847FC2C6A4000000001;LELLO - MATRIZ SP;LELLO - PACAEMBU;05 - Em trânsito para matriz;DEVOLUÇÃO MATRIZ;Aprovação pendente
412281401;05/10/2022 18:56;3035E847FC383C0000000001;SANUTRIN MATRIZ;SANUTRIN - MAPLE ALTO DE PINHEIRO;05 - Em trânsito para matriz;DEVOLUÇÃO MATRIZ;Aprovação pendente
412281402;05/10/2022 18:56;3035E847FC3A1DC000000001;SMART FIT - ADM ELUMA - ESCRITORIO REGIONAL SP;SMARTFIT - ADM SP SPCBVT4 - Paulista 807;05 - Em trânsito para matriz;DEVOLUÇÃO MATRIZ;Aprovação pendente
412281403;05/10/2022 18:56;3035E847FC2D934000000001;SMART FIT - ADM ELUMA - ESCRITORIO REGIONAL SP;SMART FIT  -  ADM SP SPCPRS2 - Bernardino de Campos;05 - Em trânsito para matriz;DEVOLUÇÃO MATRIZ;Aprovação pendente
412281405;05/10/2022 18:56;3035E847FC209C4000000001;LLINEA - MATRIZ;LNA	OSASCO - BUSINESS PARK;05 - Em trânsito para matriz;DEVOLUÇÃO MATRIZ;Aprovação pendente
412281406;05/10/2022 18:56;3035E847FC30498000000001;SMART FIT - ADM ELUMA - ESCRITORIO REGIONAL SP;SMART FIT  -  ADM SP SPIOSA3 - Primitiva;05 - Em trânsito para matriz;DEVOLUÇÃO MATRIZ;Aprovação pendente
412281409;05/10/2022 18:56;3035E847FC31794000000001;SMART FIT - ADM ELUMA - ESCRITORIO REGIONAL SP;SMART FIT  -  ADM SP SPIOSA1 - Pátio Osasco;05 - Em trânsito para matriz;DEVOLUÇÃO MATRIZ;Aprovação pendente
412281412;05/10/2022 18:56;3035E847FC3B8EC000000001;FONTES DESPACHANTES - MATRIZ;fontes despachantes - porto seguro azul - sp;05 - Em trânsito para matriz;DEVOLUÇÃO MATRIZ;Aprovação pendente
412281416;05/10/2022 18:56;3035E847FC20924000000001;LLINEA - MATRIZ;LNA	LICEU (LAO);05 - Em trânsito para matriz;DEVOLUÇÃO MATRIZ;Aprovação pendente
412281418;05/10/2022 18:56;3035E847FC402A4000000001;embrapol - matriz;EMBRAPOL - VANUZIA MARIA DE JESUS - SP;05 - Em trânsito para matriz;DEVOLUÇÃO MATRIZ;Aprovação pendente
412281419;05/10/2022 18:56;3035E847FC2C5F8000000001;LELLO - MATRIZ SP;LELLO - BELA VISTA;05 - Em trânsito para matriz;DEVOLUÇÃO MATRIZ;Aprovação pendente
412281420;05/10/2022 18:56;3035E847FC2D884000000001;SMART FIT - ADM ELUMA - ESCRITORIO REGIONAL SP;SMART FIT  -  ADM SP SPCCON1 - Augusta;05 - Em trânsito para matriz;DEVOLUÇÃO MATRIZ;Aprovação pendente
412281421;05/10/2022 18:56;3035E847FC2DA14000000001;SMART FIT - ADM ELUMA - ESCRITORIO REGIONAL SP;SMARTFIT - ADM SP SPCCON2 - Baixo Augusta;05 - Em trânsito para matriz;DEVOLUÇÃO MATRIZ;Aprovação pendente
412281423;05/10/2022 18:56;3035E847FC1CE28000000001;INBRANDS - MATRIZ;ELLUS - FREI CANECA;05 - Em trânsito para matriz;DEVOLUÇÃO MATRIZ;Aprovação pendente
412281424;05/10/2022 18:56;3035E847FC29388000000001;NIKE MATRIZ - ESCRITÓRIO LAPA;NIKE - SHOPPING LIGHT SP;05 - Em trânsito para matriz;DEVOLUÇÃO MATRIZ;Aprovação pendente
412281426;05/10/2022 18:56;3035E847FC163DC000000001;BANCO DAYCOVAL - MATRIZ;DAYCRED - CAPITAL;05 - Em trânsito para matriz;DEVOLUÇÃO MATRIZ;Aprovação pendente
412281427;05/10/2022 18:56;3035E847FC317F8000000001;SMART FIT - ADM ELUMA - ESCRITORIO REGIONAL SP;SMART FIT  -  ADM SP SPCLBD1- Liberdade;05 - Em trânsito para matriz;DEVOLUÇÃO MATRIZ;Aprovação pendente
412281428;05/10/2022 18:56;3035E847FC3A5F0000000001;SMART FIT - ADM ELUMA - ESCRITORIO REGIONAL SP;SMART FIT  -  ADM SP SPCJDN7 - Rua da Consolação II;05 - Em trânsito para matriz;DEVOLUÇÃO MATRIZ;Aprovação pendente
412281430;05/10/2022 18:56;3035E847FC3977C000000001;grupo soma - matriz sao cristovao;grupo  soma - FARM BELA VISTA;05 - Em trânsito para matriz;DEVOLUÇÃO MATRIZ;Aprovação pendente
412281431;05/10/2022 18:56;3035E847FC232E8000000001;ASSAI - MATRIZ;ASSAI - 	CD - 956	CD Anhanguera;05 - Em trânsito para matriz;DEVOLUÇÃO MATRIZ;Aprovação pendente
412281432;05/10/2022 18:56;3035E847FC1C8B0000000001;INBRANDS - MATRIZ;VR HIGIENOPOLIS;05 - Em trânsito para matriz;DEVOLUÇÃO MATRIZ;Aprovação pendente
412281433;05/10/2022 18:56;3035E847FC1CE0C000000001;INBRANDS - MATRIZ;ELLUS - HIGIENOPOLIS;05 - Em trânsito para matriz;DEVOLUÇÃO MATRIZ;Aprovação pendente
412281434;05/10/2022 18:56;3035E847FC1D7A8000000001;INBRANDS - MATRIZ;TH - HIGIENOPOLIS;05 - Em trânsito para matriz;DEVOLUÇÃO MATRIZ;Aprovação pendente
412281437;05/10/2022 18:56;303430D3FC57E44000001C35;SEPHORA - MATRIZ;SEPHORA - FILIAL HIGIENÓPOLIS - 2317;05 - Em trânsito para matriz;DEVOLUÇÃO MATRIZ;Aprovação pendente
412281439;05/10/2022 18:56;3035E847FC1D1F4000000001;INBRANDS - MATRIZ;RICHARDS RC23 - Higienopolis;05 - Em trânsito para matriz;DEVOLUÇÃO MATRIZ;Aprovação pendente
412281441;05/10/2022 18:56;3035E847FC35494000000001;TRACK FIELD - matriz;TRACK FIELD - HIGIENOPOLIS;05 - Em trânsito para matriz;DEVOLUÇÃO MATRIZ;Aprovação pendente
412281442;05/10/2022 18:56;3035E847FC2086C000000001;LLINEA - MATRIZ;LNA	ENGRECON;05 - Em trânsito para matriz;DEVOLUÇÃO MATRIZ;Aprovação pendente
412281443;05/10/2022 18:56;3035E847FC338D0000000001;LEO MADEIRAS - MATRIZ;leo madeiras - Lapa;05 - Em trânsito para matriz;DEVOLUÇÃO MATRIZ;Aprovação pendente
412281444;05/10/2022 18:56;3035E847FC348F4000000001;oab - matriz;oab - 247ª SANTANA DE PARNAiBA;05 - Em trânsito para matriz;DEVOLUÇÃO MATRIZ;Aprovação pendente
412281445;05/10/2022 18:56;3035E847FC35E0C000000001;GRUPO SOMA - MATRIZ botafogo;grupo soma - ANIMALE SHOP. BOURBON POMPEIA;05 - Em trânsito para matriz;DEVOLUÇÃO MATRIZ;Aprovação pendente
412281446;05/10/2022 18:56;3035E847FC36954000000001;GRUPO SOMA - MATRIZ botafogo;grupo soma - CRIS BARROS FLAGSHIP;05 - Em trânsito para matriz;DEVOLUÇÃO MATRIZ;Aprovação pendente
412281447;05/10/2022 18:56;3035E847FC15CDC000000001;SEPHORA - MATRIZ;SEPHORA - CERQUEIRA CESAR;05 - Em trânsito para matriz;DEVOLUÇÃO MATRIZ;Aprovação pendente
412281448;05/10/2022 18:56;3035E847FC35E1C000000001;GRUPO SOMA - MATRIZ botafogo;grupo soma - ANIMALE SHOP. CIDADE SAO PAULO;05 - Em trânsito para matriz;DEVOLUÇÃO MATRIZ;Aprovação pendente
412281449;05/10/2022 18:56;3035E847FC39514000000001;LLINEA - MATRIZ;LNA - Hospital Menino Jesus;05 - Em trânsito para matriz;DEVOLUÇÃO MATRIZ;Aprovação pendente
412281450;05/10/2022 18:56;3035E847FC36B68000000001;JOGe - Matriz;JOGe - Lj 25 SHOPPING HIGIENOPOLIS;05 - Em trânsito para matriz;DEVOLUÇÃO MATRIZ;Aprovação pendente
412281451;05/10/2022 18:56;3035E847FC36B80000000001;JOGe - Matriz;JOGe - Lj 25 SHOPPING HIGIENOPOLIS;05 - Em trânsito para matriz;DEVOLUÇÃO MATRIZ;Aprovação pendente
412281452;05/10/2022 18:56;3035E847FC1C32C000000001;INBRANDS - MATRIZ;TH - OSCAR FREIRE;05 - Em trânsito para matriz;DEVOLUÇÃO MATRIZ;Aprovação pendente
412281453;05/10/2022 18:56;3035E847FC35DF0000000001;GRUPO SOMA - MATRIZ botafogo;grupo soma - ANIMALE OSCAR FREIRE;05 - Em trânsito para matriz;DEVOLUÇÃO MATRIZ;Aprovação pendente
412281455;05/10/2022 18:56;3035E847FC1D670000000001;INBRANDS - MATRIZ;RICHARDS RC07 - OSCAR FREIRE;05 - Em trânsito para matriz;DEVOLUÇÃO MATRIZ;Aprovação pendente
412281456;05/10/2022 18:56;3035E847FC3B248000000001;INBRANDS - MATRIZ;SALINAS - SL27 - OSCAR FREIRE;05 - Em trânsito para matriz;DEVOLUÇÃO MATRIZ;Aprovação pendente
412281457;05/10/2022 18:56;3035E847FC1C84C000000001;INBRANDS - MATRIZ;VR BELA CINTRA;05 - Em trânsito para matriz;DEVOLUÇÃO MATRIZ;Aprovação pendente
412281458;05/10/2022 18:56;3035E847FC1CC70000000001;INBRANDS - MATRIZ;ELLUS - PAULISTA FEMININO;05 - Em trânsito para matriz;DEVOLUÇÃO MATRIZ;Aprovação pendente
412281459;05/10/2022 18:56;303430D3FC57E44000001C0D;;;05 - Em trânsito para matriz;DEVOLUÇÃO MATRIZ;Aprovação pendente
412281460;05/10/2022 18:56;3035E847FC3546C000000001;TRACK FIELD - matriz;TRACK FIELD - PAULISTA;05 - Em trânsito para matriz;DEVOLUÇÃO MATRIZ;Aprovação pendente
412281461;05/10/2022 18:56;3035E847FC38378000000001;SANUTRIN MATRIZ;SANUTRIN - MARIA IMACULADA;05 - Em trânsito para matriz;DEVOLUÇÃO MATRIZ;Aprovação pendente
412281462;05/10/2022 18:56;3035E847FC2D720000000001;SMART FIT - ADM ELUMA - ESCRITORIO REGIONAL SP;SMART FIT  -  ADM SP SPCJDN4 - Oscar Freire;05 - Em trânsito para matriz;DEVOLUÇÃO MATRIZ;Aprovação pendente
412281463;05/10/2022 18:56;3035E847FC383B0000000001;SANUTRIN MATRIZ;SANUTRIN - PROJETO VIDA;05 - Em trânsito para matriz;DEVOLUÇÃO MATRIZ;Aprovação pendente
412281464;05/10/2022 18:56;3035E847FC36C48000000001;MEIA DE SEDA;MEIA DE SEDA - SHOP. CENTER NORTE;05 - Em trânsito para matriz;DEVOLUÇÃO MATRIZ;Aprovação pendente
412281465;05/10/2022 18:56;3035E847FC391B0000000001;SANUTRIN MATRIZ;SANUTRIN - COZINHA CENTRAL;05 - Em trânsito para matriz;DEVOLUÇÃO MATRIZ;Aprovação pendente
412281466;05/10/2022 18:56;3035E847FC1CEC0000000001;INBRANDS - MATRIZ;ELLUS - CENTER NORTE;05 - Em trânsito para matriz;DEVOLUÇÃO MATRIZ;Aprovação pendente
412281467;05/10/2022 18:56;3035E847FC2099C000000001;LLINEA - MATRIZ;LNA	MERCADOCAR - TUCURUVI E TELEPREÇO;05 - Em trânsito para matriz;DEVOLUÇÃO MATRIZ;Aprovação pendente
412281468;05/10/2022 18:56;"3035E847FC37CA400000000
";;;05 - Em trânsito para matriz;DEVOLUÇÃO MATRIZ;Aprovação pendente
412281469;05/10/2022 18:56;3035E847FC3719C000000001;PONTAL VERMELHO - matriz;pontal vermelho - lj 34 Santana Parque Shopping;05 - Em trânsito para matriz;DEVOLUÇÃO MATRIZ;Aprovação pendente
412283292;05/10/2022 19:04;3035E847FC2C754000000001;LELLO - MATRIZ SP;LELLO - VL GUILHERME;05 - Em trânsito para matriz;DEVOLUÇÃO MATRIZ;Aprovação pendente
412283293;05/10/2022 19:04;3035E847FC32F10000000001;LELLO - MATRIZ SP;LELLO - TUCURUVI;05 - Em trânsito para matriz;DEVOLUÇÃO MATRIZ;Aprovação pendente
412283294;05/10/2022 19:04;3035E847FC3B294000000001;embrapol - matriz;EMBRAPOL - ARMATI OPTICA;05 - Em trânsito para matriz;DEVOLUÇÃO MATRIZ;Aprovação pendente
412283295;05/10/2022 19:04;3035E847FC1EAC8000000001;LLINEA - MATRIZ;LNA CTA 18 - CANINDÉ;05 - Em trânsito para matriz;DEVOLUÇÃO MATRIZ;Aprovação pendente
412283296;05/10/2022 19:04;3035E847FC372CC000000001;PONTAL VERMELHO - matriz;pontal vermelho - lj 38 Shopping Metro Tucuruvi;05 - Em trânsito para matriz;DEVOLUÇÃO MATRIZ;Aprovação pendente
412283297;05/10/2022 19:04;3035E847FC19148000000001;UNIDAS - MATRIZ SP;UNIDAS - QTI1 - SAO PAULO;05 - Em trânsito para matriz;DEVOLUÇÃO MATRIZ;Aprovação pendente
412283298;05/10/2022 19:04;3035E847FC21A84000000001;ASSAI - MATRIZ;ASSAI - 	LJ45 - BARRA FUNDA - SP;05 - Em trânsito para matriz;DEVOLUÇÃO MATRIZ;Aprovação pendente
412283299;05/10/2022 19:04;3035E847FC37D54000000001;PONTAL VERMELHO - matriz;pontal vermelho - lj 09 SHOPPING TRIMAIS PLACE;05 - Em trânsito para matriz;DEVOLUÇÃO MATRIZ;Aprovação pendente
412283302;05/10/2022 19:04;3035E847FC36D84000000001;PONTAL VERMELHO - matriz;PONTAL VERMELHO - LJ 18 Shopping D;05 - Em trânsito para matriz;DEVOLUÇÃO MATRIZ;Aprovação pendente
412283303;05/10/2022 19:04;3035E847FC19484000000001;UNIDAS - MATRIZ SP;UNIDAS - TUV - SAO PAULO;05 - Em trânsito para matriz;DEVOLUÇÃO MATRIZ;Aprovação pendente
412283305;05/10/2022 19:04;3035E847FC3C31C000000001;MAMAE PRESENTES - CASA LOJISTA - MATRIZ;CASA LOJISTA - PARI;05 - Em trânsito para matriz;DEVOLUÇÃO MATRIZ;Aprovação pendente
412283306;05/10/2022 19:04;3035E847FC1948C000000001;UNIDAS - MATRIZ SP;UNIDAS - TUV - SAO PAULO;05 - Em trânsito para matriz;DEVOLUÇÃO MATRIZ;Aprovação pendente
412283307;05/10/2022 19:04;3035E847FC37050000000001;PONTAL VERMELHO - matriz;pontal vermelho - lj 29 santana;05 - Em trânsito para matriz;DEVOLUÇÃO MATRIZ;Aprovação pendente
412283308;05/10/2022 19:04;3035E847FC37278000000001;PONTAL VERMELHO - matriz;pontal vermelho - lj 37 Shopping Andorinha;05 - Em trânsito para matriz;DEVOLUÇÃO MATRIZ;Aprovação pendente
412283309;05/10/2022 19:04;3035E847FC3A778000000001;JOGe - Matriz;JOGE - LJ10 SHOPPING CENTER NORTE;05 - Em trânsito para matriz;DEVOLUÇÃO MATRIZ;Aprovação pendente
412313765;06/10/2022 06:10;3035E847FC19358000000001;UNIDAS - MATRIZ SP;UNIDAS - VSJC - SAO JOSE DOS CAMPOS;05 - Em trânsito para matriz;DEVOLUÇÃO MATRIZ;Aprovação pendente
412313766;06/10/2022 06:10;3035E847FC19358000000001;UNIDAS - MATRIZ SP;UNIDAS - VSJC - SAO JOSE DOS CAMPOS;05 - Em trânsito para matriz;DEVOLUÇÃO MATRIZ;Aprovação pendente
412313767;06/10/2022 06:10;3035E847FC3A878000000001;MAMAE PRESENTES - CASA LOJISTA - MATRIZ;CASA LOJISTA - SAO JOSE DOS CAMPOS;05 - Em trânsito para matriz;DEVOLUÇÃO MATRIZ;Aprovação pendente
412313768;06/10/2022 06:10;3035E847FC225D0000000001;ASSAI - MATRIZ;ASSAI - 	LJ121 - SÃO JOSÉ DOS CAMPOS - SP;05 - Em trânsito para matriz;DEVOLUÇÃO MATRIZ;Aprovação pendente
412313769;06/10/2022 06:10;3035E847FC22784000000001;ASSAI - MATRIZ;ASSAI - 	LJ130 - TAUBATÉ - SP;05 - Em trânsito para matriz;DEVOLUÇÃO MATRIZ;Aprovação pendente
412313770;06/10/2022 06:10;303430D3FC57E44000001F2C;;;05 - Em trânsito para matriz;DEVOLUÇÃO MATRIZ;Aprovação pendente
412313771;06/10/2022 06:10;3035E847FC20808000000001;LLINEA - MATRIZ;LNA	COSTA NAVARRO;05 - Em trânsito para matriz;DEVOLUÇÃO MATRIZ;Aprovação pendente
412313772;06/10/2022 06:10;3035E847FC3DE9C000000001;ASSAI - MATRIZ;ASSAI - CD - 910 - CD ARUJA;05 - Em trânsito para matriz;DEVOLUÇÃO MATRIZ;Aprovação pendente
412313773;06/10/2022 06:10;303430D3FC57E44000001F36;;;05 - Em trânsito para matriz;DEVOLUÇÃO MATRIZ;Aprovação pendente
412313774;06/10/2022 06:10;3035E847FC3C4B4000000001;NTS BRASIL - MATRIZ FLAMENGO - RJ;NTS BRASIL - GUARAREMA - SP;05 - Em trânsito para matriz;DEVOLUÇÃO MATRIZ;Aprovação pendente
412313775;06/10/2022 06:10;3035E847FC29480000000001;NIKE MATRIZ - ESCRITÓRIO LAPA;NIKE - SHOPPING VALE SUL - SJ DOS CAMPOS - SP;05 - Em trânsito para matriz;DEVOLUÇÃO MATRIZ;Aprovação pendente
412313776;06/10/2022 06:10;3035E847FC0F7E8000000001;BANCO DAYCOVAL - MATRIZ;DAYCOVAL - SÃO JOSÉ DOS CAMPOS;05 - Em trânsito para matriz;DEVOLUÇÃO MATRIZ;Aprovação pendente
412313777;06/10/2022 06:10;3035E847FC24DD0000000001;TOKIO MARINE;TOKIO MARINE - 8205 SÃO JOSÉ DOS CAMPOS;05 - Em trânsito para matriz;DEVOLUÇÃO MATRIZ;Aprovação pendente
412313778;06/10/2022 06:10;0003035E847FC380E8000000;;;05 - Em trânsito para matriz;DEVOLUÇÃO MATRIZ;Aprovação pendente
412313779;06/10/2022 06:10;3035E847FC29588000000001;NIKE MATRIZ - ESCRITÓRIO LAPA;NIKE - ITAQUAQUECETUBA (SP2);05 - Em trânsito para matriz;DEVOLUÇÃO MATRIZ;Aprovação pendente
412313780;06/10/2022 06:10;3035E847FC29580000000001;NIKE MATRIZ - ESCRITÓRIO LAPA;NIKE - ITAQUAQUECETUBA (SP2);05 - Em trânsito para matriz;DEVOLUÇÃO MATRIZ;Aprovação pendente
412313781;06/10/2022 06:10;3035E847FC1C180000000001;INBRANDS - MATRIZ;TH - OUTLET GRANDE SP;05 - Em trânsito para matriz;DEVOLUÇÃO MATRIZ;Aprovação pendente
412313782;06/10/2022 06:10;3035E847FC3AC9C000000001;GENERAL SHOPPING - MATRIZ;GENERAL SHOPPING - OUTLET GRANDE SP;05 - Em trânsito para matriz;DEVOLUÇÃO MATRIZ;Aprovação pendente
412313783;06/10/2022 06:10;3035E847FC2A878000000001;INBRANDS - MATRIZ;ellus outlet grande sp;05 - Em trânsito para matriz;DEVOLUÇÃO MATRIZ;Aprovação pendente
412313785;06/10/2022 06:10;3035E847FC24D60000000001;TOKIO MARINE;TOKIO MARINE - 8114 MOGI DAS CRUZES;05 - Em trânsito para matriz;DEVOLUÇÃO MATRIZ;Aprovação pendente
412313786;06/10/2022 06:10;3035E847FC24D60000000001;TOKIO MARINE;TOKIO MARINE - 8114 MOGI DAS CRUZES;05 - Em trânsito para matriz;DEVOLUÇÃO MATRIZ;Aprovação pendente
412313787;06/10/2022 06:10;3035E847FC352D0000000001;DAVÓ MATRIZ - LJ 03 - HIPER GUAIANAZES;DAvó - lj 07 - Hiper Mogi;05 - Em trânsito para matriz;DEVOLUÇÃO MATRIZ;Aprovação pendente
412313788;06/10/2022 06:10;3035E847FC22C80000000001;ASSAI - MATRIZ;ASSAI - 	LJ165 - BRAS CUBAS - SP;05 - Em trânsito para matriz;DEVOLUÇÃO MATRIZ;Aprovação pendente
412313789;06/10/2022 06:10;3035E847FC1ECF0000000001;CESLOG - MATRIZ;CESLOG - SUZANO;05 - Em trânsito para matriz;DEVOLUÇÃO MATRIZ;Aprovação pendente
412313790;06/10/2022 06:10;3035E847FC187C8000000001;UNIDAS - MATRIZ SP;UNIDAS - SUZ3 - SUZANO;05 - Em trânsito para matriz;DEVOLUÇÃO MATRIZ;Aprovação pendente
412313791;06/10/2022 06:10;3035E847FC3E530000000001;ASSAI - MATRIZ;ASSAI - 276 - GUAIANAZES ESTACAO;05 - Em trânsito para matriz;DEVOLUÇÃO MATRIZ;Aprovação pendente
412313792;06/10/2022 06:10;3035E847FC35328000000001;DAVÓ MATRIZ - LJ 03 - HIPER GUAIANAZES;DAvó - lj 21 - Hiper Itaquaquecetuba;05 - Em trânsito para matriz;DEVOLUÇÃO MATRIZ;Aprovação pendente
412313793;06/10/2022 06:10;3035E847FC36ECC000000001;PONTAL VERMELHO - matriz;pontal vermelho - lj 24 Suzano Shopping Center;05 - Em trânsito para matriz;DEVOLUÇÃO MATRIZ;Aprovação pendente
412313794;06/10/2022 06:10;3035E847FC352B0000000001;DAVÓ MATRIZ - LJ 03 - HIPER GUAIANAZES;DAvó - lj 06 - Hiper Suzano;05 - Em trânsito para matriz;DEVOLUÇÃO MATRIZ;Aprovação pendente
412313795;06/10/2022 06:10;3035E847FC37A2C000000001;COPEL MATRIZ;copel - 59 - SP - Suzano;05 - Em trânsito para matriz;DEVOLUÇÃO MATRIZ;Aprovação pendente
412313796;06/10/2022 06:10;3035E847FC33988000000001;LEO MADEIRAS - MATRIZ;leo madeiras - Mogi;05 - Em trânsito para matriz;DEVOLUÇÃO MATRIZ;Aprovação pendente
412313797;06/10/2022 06:10;3035E847FC23360000000001;ASSAI - MATRIZ;ASSAI - 	LJ32 - NORDESTINA - SP;05 - Em trânsito para matriz;DEVOLUÇÃO MATRIZ;Aprovação pendente
412313798;06/10/2022 06:10;3035E847FC20988000000001;LLINEA - MATRIZ;LNA	MERCADOCAR - MARECHAL TITO;05 - Em trânsito para matriz;DEVOLUÇÃO MATRIZ;Aprovação pendente
412313799;06/10/2022 06:10;3035E847FC35280000000001;DAVÓ MATRIZ - LJ 03 - HIPER GUAIANAZES;DAVÓ - lj 05 - HIPER ITAIM;05 - Em trânsito para matriz;DEVOLUÇÃO MATRIZ;Aprovação pendente
412313800;06/10/2022 06:10;3035E847FC35270000000001;DAVÓ MATRIZ - LJ 03 - HIPER GUAIANAZES;davó - lj 04 - Hiper Sao Miguel;05 - Em trânsito para matriz;DEVOLUÇÃO MATRIZ;Aprovação pendente
412313801;06/10/2022 06:10;3035E847FC338BC000000001;LEO MADEIRAS - MATRIZ;leo madeiras - São Miguel;05 - Em trânsito para matriz;DEVOLUÇÃO MATRIZ;Aprovação pendente
412313802;06/10/2022 06:10;3035E847FC22B48000000001;ASSAI - MATRIZ;ASSAI - LJ157 - SAO MIGUEL 2 - SP;05 - Em trânsito para matriz;DEVOLUÇÃO MATRIZ;Aprovação pendente
412313803;06/10/2022 06:10;3035E847FC3B51C000000001;AMERICAN SHOES - MATRIZ SP;AMERICAN SHOES - LJ47 - SHOP PENHA;05 - Em trânsito para matriz;DEVOLUÇÃO MATRIZ;Aprovação pendente
412313804;06/10/2022 06:10;"3B3B0000000001
3035E847F";;;05 - Em trânsito para matriz;DEVOLUÇÃO MATRIZ;Aprovação pendente
412313805;06/10/2022 06:10;3035E847FC35348000000001;DAVÓ MATRIZ - LJ 03 - HIPER GUAIANAZES;DAVÓ - lj 25 - POUPAKI ATACADISTA - PENHA;05 - Em trânsito para matriz;DEVOLUÇÃO MATRIZ;Aprovação pendente
412329627;06/10/2022 07:45;3035E847FC31654000000001;SMART FIT - ADM ELUMA - ESCRITORIO REGIONAL SP;SMARTFIT - ADM CEER- ESCRITORIO REGIONAL CE;05 - Em trânsito para matriz;DEVOLUÇÃO MATRIZ;Aprovação pendente
412329630;06/10/2022 07:45;3035E847FC31664000000001;SMART FIT - ADM ELUMA - ESCRITORIO REGIONAL SP;SMARTFIT - ADM CEER- ESCRITORIO REGIONAL CE;05 - Em trânsito para matriz;DEVOLUÇÃO MATRIZ;Aprovação pendente